Datetime,Spot,Open,High,Low,Close,Volume
2026-04-22 09:15:00,24487.7,199.9,199.9,182.7,190.85,12740
2026-04-22 09:16:00,24497.55,192.0,200.0,190.85,194.9,13000
2026-04-22 09:17:00,24506.7,196.0,197.8,192.25,195.85,13390
2026-04-22 09:18:00,24494.65,196.95,200.0,195.35,198.95,11050
2026-04-22 09:19:00,24479.3,199.8,204.75,198.95,204.75,15665
2026-04-22 09:20:00,24482.6,204.75,207.25,200.4,200.4,12285
2026-04-22 09:21:00,24491.1,201.85,201.9,191.85,193.8,12545
2026-04-22 09:22:00,24484.25,194.05,198.25,191.75,197.5,6175
2026-04-22 09:23:00,24487.75,196.8,197.5,193.45,193.45,845
2026-04-22 09:24:00,24463.4,195.5,202.65,193.45,201.9,6045
2026-04-22 09:25:00,24453.7,204.0,207.5,201.9,207.0,5330
2026-04-22 09:26:00,24455.75,205.95,207.0,203.25,206.4,3250
2026-04-22 09:27:00,24455.9,206.1,206.85,205.0,205.0,1950
2026-04-22 09:28:00,24447.7,205.4,209.0,205.0,207.9,1560
2026-04-22 09:29:00,24440.4,208.6,210.7,206.55,209.65,2470
2026-04-22 09:30:00,24440.7,212.45,214.75,209.65,210.65,3120
2026-04-22 09:31:00,24445.75,209.35,211.6,208.3,211.6,3055
2026-04-22 09:32:00,24452.2,209.6,211.6,207.4,207.4,1105
2026-04-22 09:33:00,24447.15,206.15,209.25,204.35,208.2,3640
2026-04-22 09:34:00,24452.15,210.05,213.65,208.2,211.5,1365
2026-04-22 09:35:00,24446.15,207.9,211.5,205.7,207.35,1300
2026-04-22 09:36:00,24466.05,211.0,211.7,204.45,204.45,1235
2026-04-22 09:37:00,24452.55,207.25,208.6,204.45,208.15,260
2026-04-22 09:38:00,24449.1,207.7,209.55,207.05,209.45,1040
2026-04-22 09:39:00,24438.7,210.5,212.4,209.45,212.4,845
2026-04-22 09:40:00,24439.85,215.85,216.05,212.0,212.0,1625
2026-04-22 09:41:00,24431.35,213.3,215.9,212.0,215.9,780
2026-04-22 09:42:00,24435.0,215.3,215.9,214.1,215.55,4810
2026-04-22 09:43:00,24423.3,216.3,220.0,215.55,220.0,1300
2026-04-22 09:44:00,24424.4,219.0,220.0,218.65,219.0,260
2026-04-22 09:45:00,24426.5,219.0,220.1,218.4,218.45,650
2026-04-22 09:46:00,24413.0,217.45,225.0,217.45,225.0,2535
2026-04-22 09:47:00,24416.3,224.1,225.85,223.2,224.2,2210
2026-04-22 09:48:00,24412.7,224.85,227.45,224.2,225.0,910
2026-04-22 09:49:00,24416.95,223.35,225.0,223.35,223.4,520
2026-04-22 09:50:00,24413.45,221.85,225.25,221.85,225.25,2795
2026-04-22 09:51:00,24423.45,226.0,228.0,222.0,222.35,1170
2026-04-22 09:52:00,24421.85,218.9,224.05,218.4,222.75,975
2026-04-22 09:53:00,24421.05,224.85,224.85,222.45,222.55,455
2026-04-22 09:54:00,24409.45,222.55,227.0,222.55,226.5,650
2026-04-22 09:55:00,24407.5,227.0,229.85,225.6,225.8,1365
2026-04-22 09:56:00,24405.05,225.6,227.85,225.6,226.0,1365
2026-04-22 09:57:00,24386.3,228.3,232.0,226.0,230.4,1430
2026-04-22 09:58:00,24389.55,230.35,231.35,228.55,228.75,4940
2026-04-22 09:59:00,24382.25,228.75,230.85,227.1,230.85,1625
2026-04-22 10:00:00,24363.4,233.4,243.7,230.85,240.0,5720
2026-04-22 10:01:00,24374.4,240.65,243.0,235.7,235.7,7865
2026-04-22 10:02:00,24381.65,236.2,238.15,232.65,237.2,1625
2026-04-22 10:03:00,24382.3,234.35,237.2,234.35,234.35,1105
2026-04-22 10:04:00,24383.25,237.3,237.3,234.35,236.55,1235
2026-04-22 10:05:00,24371.85,237.65,241.35,236.55,240.7,1235
2026-04-22 10:06:00,24376.9,240.0,240.75,237.55,238.45,3185
2026-04-22 10:07:00,24382.95,238.2,238.45,235.85,235.85,780
2026-04-22 10:08:00,24374.6,237.05,238.55,235.85,238.0,1755
2026-04-22 10:09:00,24381.7,238.65,238.65,237.2,237.65,455
2026-04-22 10:10:00,24387.3,236.5,237.65,233.0,234.3,1885
2026-04-22 10:11:00,24382.9,234.3,237.7,233.8,235.95,1625
2026-04-22 10:12:00,24377.75,235.05,237.95,233.4,237.95,2015
2026-04-22 10:13:00,24377.0,237.65,238.0,236.7,236.7,585
2026-04-22 10:14:00,24373.15,237.7,240.0,236.7,239.35,260
2026-04-22 10:15:00,24379.35,238.2,239.35,235.65,235.65,1625
2026-04-22 10:16:00,24381.65,235.6,236.6,235.6,236.6,520
2026-04-22 10:17:00,24380.6,236.6,236.65,235.5,235.5,715
2026-04-22 10:18:00,24377.5,235.5,238.2,235.5,236.95,780
2026-04-22 10:19:00,24375.4,237.9,238.25,236.85,236.85,195
2026-04-22 10:20:00,24371.65,238.0,240.9,236.85,239.4,1495
2026-04-22 10:21:00,24364.1,239.0,242.8,239.0,242.8,1430
2026-04-22 10:22:00,24359.25,243.1,247.15,242.8,244.4,1495
2026-04-22 10:23:00,24360.85,247.0,249.75,243.55,246.7,3185
2026-04-22 10:24:00,24366.45,247.8,247.8,244.5,244.5,975
2026-04-22 10:25:00,24370.3,245.3,245.3,240.2,240.4,4290
2026-04-22 10:26:00,24369.75,239.65,240.6,237.2,240.6,650
2026-04-22 10:27:00,24370.05,240.0,240.8,239.1,239.1,715
2026-04-22 10:28:00,24372.35,238.1,239.6,238.1,239.6,260
2026-04-22 10:29:00,24373.05,240.4,240.4,238.0,238.3,715
2026-04-22 10:30:00,24374.55,239.75,241.6,237.65,237.65,1300
2026-04-22 10:31:00,24376.0,237.8,239.05,236.85,236.85,845
2026-04-22 10:32:00,24375.05,236.7,237.0,236.25,237.0,195
2026-04-22 10:33:00,24381.35,238.05,238.4,234.95,235.2,1235
2026-04-22 10:34:00,24380.6,234.6,237.2,234.6,237.2,1755
2026-04-22 10:35:00,24379.4,234.95,237.2,234.95,236.4,260
2026-04-22 10:36:00,24381.7,237.35,237.65,234.9,234.9,845
2026-04-22 10:37:00,24384.55,235.3,235.3,233.0,233.0,585
2026-04-22 10:38:00,24393.4,231.05,233.0,228.75,229.35,1430
2026-04-22 10:39:00,24401.25,230.65,230.65,226.7,226.7,520
2026-04-22 10:40:00,24402.65,226.8,226.8,226.4,226.4,780
2026-04-22 10:41:00,24404.45,227.1,227.1,226.3,226.35,390
2026-04-22 10:42:00,24409.65,224.7,226.35,221.2,221.2,1170
2026-04-22 10:43:00,24414.85,221.2,221.2,218.35,219.0,780
2026-04-22 10:44:00,24416.35,219.0,219.0,218.75,218.85,325
2026-04-22 10:45:00,24409.85,219.7,222.4,218.85,221.9,455
2026-04-22 10:46:00,24429.2,221.25,221.9,211.1,214.0,4550
2026-04-22 10:47:00,24434.35,212.8,214.0,210.3,210.85,2210
2026-04-22 10:48:00,24428.95,211.2,215.0,210.35,215.0,1560
2026-04-22 10:49:00,24424.15,214.25,216.5,214.25,214.8,325
2026-04-22 10:50:00,24427.55,213.9,215.15,212.9,212.9,1560
2026-04-22 10:51:00,24432.55,213.15,213.2,210.45,210.45,2925
2026-04-22 10:52:00,24435.4,210.6,212.25,209.45,209.45,975
2026-04-22 10:53:00,24443.45,209.55,211.3,207.5,207.5,1495
2026-04-22 10:54:00,24443.65,207.65,208.6,207.45,208.6,1105
2026-04-22 10:55:00,24445.05,207.85,208.6,206.7,206.8,455
2026-04-22 10:56:00,24439.25,209.1,209.25,206.8,209.25,585
2026-04-22 10:57:00,24441.6,209.25,209.25,209.25,209.25,0
2026-04-22 10:58:00,24439.75,211.35,211.35,209.05,209.05,780
2026-04-22 10:59:00,24439.9,210.0,210.0,209.05,209.7,325
2026-04-22 11:00:00,24431.8,210.6,213.0,209.7,213.0,845
2026-04-22 11:01:00,24433.4,212.0,214.25,211.5,211.5,390
2026-04-22 11:02:00,24434.9,210.0,211.5,208.0,209.7,520
2026-04-22 11:03:00,24429.7,212.0,212.35,209.7,212.35,390
2026-04-22 11:04:00,24439.35,209.1,212.35,208.4,208.4,520
2026-04-22 11:05:00,24433.7,208.8,211.5,208.4,211.5,910
2026-04-22 11:06:00,24430.5,211.75,211.75,211.5,211.75,195
2026-04-22 11:07:00,24430.5,211.75,211.75,211.75,211.75,0
2026-04-22 11:08:00,24432.5,213.15,213.15,211.75,211.75,195
2026-04-22 11:09:00,24424.75,211.85,215.0,211.75,215.0,585
2026-04-22 11:10:00,24412.95,216.15,219.6,215.0,218.4,585
2026-04-22 11:11:00,24418.45,218.4,218.4,215.4,216.25,1235
2026-04-22 11:12:00,24427.15,215.1,216.25,213.35,213.35,650
2026-04-22 11:13:00,24426.35,212.25,215.25,212.25,214.65,520
2026-04-22 11:14:00,24428.15,212.8,214.65,212.8,212.8,65
2026-04-22 11:15:00,24427.35,212.85,212.85,212.8,212.8,260
2026-04-22 11:16:00,24425.8,215.05,215.05,212.8,213.9,390
2026-04-22 11:17:00,24431.3,214.0,214.35,211.75,212.0,2015
2026-04-22 11:18:00,24435.7,210.95,212.0,210.0,210.0,130
2026-04-22 11:19:00,24438.15,210.0,210.0,207.45,207.45,975
2026-04-22 11:20:00,24434.15,210.2,211.9,207.45,211.9,130
2026-04-22 11:21:00,24437.85,210.4,211.9,207.0,207.0,520
2026-04-22 11:22:00,24442.25,207.0,207.0,205.0,205.25,325
2026-04-22 11:23:00,24441.1,205.2,206.7,205.2,206.7,455
2026-04-22 11:24:00,24446.35,202.55,206.7,202.5,202.5,715
2026-04-22 11:25:00,24445.7,202.1,203.6,202.1,203.0,715
2026-04-22 11:26:00,24448.05,200.4,203.0,200.4,201.0,1105
2026-04-22 11:27:00,24446.1,201.6,203.0,201.0,201.95,520
2026-04-22 11:28:00,24441.75,203.0,205.4,201.95,204.55,2015
2026-04-22 11:29:00,24435.45,204.3,207.35,203.8,207.3,1235
2026-04-22 11:30:00,24435.55,207.05,207.3,207.05,207.05,195
2026-04-22 11:31:00,24435.35,207.55,207.55,206.2,207.5,780
2026-04-22 11:32:00,24439.8,207.35,207.5,205.0,205.0,2470
2026-04-22 11:33:00,24447.95,204.15,205.0,200.9,200.9,1625
2026-04-22 11:34:00,24441.8,202.35,202.35,200.9,202.25,845
2026-04-22 11:35:00,24434.5,204.6,204.6,202.25,204.6,65
2026-04-22 11:36:00,24434.55,206.9,206.9,204.6,205.8,260
2026-04-22 11:37:00,24435.45,205.0,205.8,205.0,205.65,390
2026-04-22 11:38:00,24436.0,204.95,205.65,204.95,204.95,65
2026-04-22 11:39:00,24430.65,205.5,205.5,204.95,205.5,65
2026-04-22 11:40:00,24435.0,206.3,207.4,204.85,204.85,1560
2026-04-22 11:41:00,24432.85,205.85,205.85,204.85,205.75,130
2026-04-22 11:42:00,24431.0,204.85,208.0,204.85,208.0,455
2026-04-22 11:43:00,24426.6,210.0,210.4,208.0,210.4,455
2026-04-22 11:44:00,24417.2,208.0,212.35,208.0,211.2,1625
2026-04-22 11:45:00,24406.25,213.15,215.75,211.2,215.75,2340
2026-04-22 11:46:00,24399.1,217.5,221.4,215.75,219.2,2275
2026-04-22 11:47:00,24393.2,220.5,221.75,219.2,221.75,650
2026-04-22 11:48:00,24400.05,225.1,225.1,221.75,221.75,1365
2026-04-22 11:49:00,24405.75,220.5,221.75,214.65,214.65,715
2026-04-22 11:50:00,24410.05,217.25,217.25,214.65,215.25,455
2026-04-22 11:51:00,24406.7,215.0,216.55,214.8,214.8,1235
2026-04-22 11:52:00,24409.85,216.25,216.25,214.8,216.0,325
2026-04-22 11:53:00,24412.25,213.1,216.0,211.35,211.35,2795
2026-04-22 11:54:00,24414.65,211.4,212.2,210.0,210.0,650
2026-04-22 11:55:00,24417.25,210.2,210.2,208.55,209.75,845
2026-04-22 11:56:00,24415.55,209.75,209.75,209.75,209.75,0
2026-04-22 11:57:00,24419.2,209.65,209.75,207.25,207.8,650
2026-04-22 11:58:00,24424.3,207.8,207.8,207.8,207.8,0
2026-04-22 11:59:00,24426.9,205.8,207.8,205.7,205.7,260
2026-04-22 12:00:00,24430.65,202.55,205.7,201.3,201.7,455
2026-04-22 12:01:00,24429.55,202.8,204.25,201.7,203.0,910
2026-04-22 12:02:00,24427.95,202.95,203.0,202.95,202.95,65
2026-04-22 12:03:00,24430.85,200.9,202.95,200.7,200.7,1105
2026-04-22 12:04:00,24434.0,200.7,200.7,199.9,199.9,1885
2026-04-22 12:05:00,24431.15,200.5,201.0,199.9,201.0,260
2026-04-22 12:06:00,24431.7,201.85,201.85,201.0,201.85,455
2026-04-22 12:07:00,24431.9,199.8,201.85,199.8,201.75,780
2026-04-22 12:08:00,24427.3,201.3,201.75,201.3,201.3,195
2026-04-22 12:09:00,24422.8,203.2,204.85,201.3,204.4,520
2026-04-22 12:10:00,24422.7,205.85,206.95,204.4,205.65,715
2026-04-22 12:11:00,24425.9,206.05,206.1,205.65,206.1,195
2026-04-22 12:12:00,24416.75,205.25,208.5,205.25,208.5,325
2026-04-22 12:13:00,24414.2,209.6,211.0,208.5,210.3,845
2026-04-22 12:14:00,24419.15,207.75,210.3,207.75,207.75,715
2026-04-22 12:15:00,24413.3,209.0,210.45,207.75,210.45,325
2026-04-22 12:16:00,24412.05,209.95,210.45,209.95,209.95,260
2026-04-22 12:17:00,24421.0,209.8,210.2,206.35,206.95,715
2026-04-22 12:18:00,24414.55,207.65,209.25,206.95,209.25,195
2026-04-22 12:19:00,24409.65,211.0,211.75,209.25,211.0,390
2026-04-22 12:20:00,24409.8,211.0,211.0,211.0,211.0,0
2026-04-22 12:21:00,24412.5,211.0,211.0,209.0,209.0,260
2026-04-22 12:22:00,24412.35,210.1,210.2,209.0,210.2,195
2026-04-22 12:23:00,24408.9,210.2,210.2,210.2,210.2,0
2026-04-22 12:24:00,24405.85,214.2,214.2,210.2,214.2,65
2026-04-22 12:25:00,24412.9,212.55,214.2,211.05,211.2,715
2026-04-22 12:26:00,24417.25,211.5,211.5,210.6,210.6,390
2026-04-22 12:27:00,24408.2,211.85,214.0,210.6,214.0,975
2026-04-22 12:28:00,24402.95,215.55,216.6,214.0,216.6,195
2026-04-22 12:29:00,24409.9,216.0,216.6,212.4,212.4,650
2026-04-22 12:30:00,24418.8,211.0,212.4,207.0,207.55,1040
2026-04-22 12:31:00,24417.5,207.3,208.75,207.2,208.7,325
2026-04-22 12:32:00,24416.9,208.4,208.7,207.0,208.2,585
2026-04-22 12:33:00,24419.45,210.7,210.7,207.6,207.6,650
2026-04-22 12:34:00,24418.8,207.3,208.0,207.3,208.0,130
2026-04-22 12:35:00,24415.2,209.55,209.55,208.0,209.55,195
2026-04-22 12:36:00,24410.45,209.55,209.55,209.55,209.55,65
2026-04-22 12:37:00,24400.85,212.35,217.6,209.55,217.6,1950
2026-04-22 12:38:00,24406.2,218.6,218.9,214.8,214.8,2080
2026-04-22 12:39:00,24411.1,214.4,214.8,209.8,212.5,1755
2026-04-22 12:40:00,24409.35,212.5,212.5,212.5,212.5,0
2026-04-22 12:41:00,24411.85,212.5,212.5,212.5,212.5,0
2026-04-22 12:42:00,24411.8,207.0,212.5,207.0,208.2,260
2026-04-22 12:43:00,24418.7,209.4,209.45,207.0,207.0,455
2026-04-22 12:44:00,24418.45,207.0,207.0,205.9,205.9,2860
2026-04-22 12:45:00,24420.15,206.25,206.25,205.9,206.25,65
2026-04-22 12:46:00,24417.1,208.7,208.7,206.25,207.0,260
2026-04-22 12:47:00,24414.6,207.55,209.95,207.0,209.45,195
2026-04-22 12:48:00,24410.85,209.65,213.05,209.45,213.05,325
2026-04-22 12:49:00,24407.4,214.15,215.45,213.05,213.1,325
2026-04-22 12:50:00,24412.15,213.0,213.1,212.0,212.1,455
2026-04-22 12:51:00,24413.6,213.15,213.15,209.85,210.1,650
2026-04-22 12:52:00,24421.9,209.45,210.1,204.9,206.25,585
2026-04-22 12:53:00,24420.85,206.4,206.4,206.25,206.4,65
2026-04-22 12:54:00,24419.7,206.95,206.95,206.4,206.8,260
2026-04-22 12:55:00,24427.4,207.35,207.35,206.0,206.0,195
2026-04-22 12:56:00,24428.5,206.0,206.0,206.0,206.0,0
2026-04-22 12:57:00,24429.45,201.9,206.0,201.65,202.3,845
2026-04-22 12:58:00,24431.1,201.35,202.3,200.55,201.2,455
2026-04-22 12:59:00,24429.75,201.2,201.2,201.2,201.2,325
2026-04-22 13:00:00,24432.45,201.15,201.2,201.15,201.15,195
2026-04-22 13:01:00,24427.75,202.0,206.1,201.15,205.0,1105
2026-04-22 13:02:00,24429.85,202.9,205.0,202.0,203.6,650
2026-04-22 13:03:00,24420.5,207.5,207.85,203.6,207.85,455
2026-04-22 13:04:00,24430.0,204.75,207.85,202.45,202.8,455
2026-04-22 13:05:00,24432.55,201.0,202.8,201.0,201.0,130
2026-04-22 13:06:00,24433.15,201.0,201.0,201.0,201.0,65
2026-04-22 13:07:00,24434.05,201.4,201.4,201.0,201.4,65
2026-04-22 13:08:00,24434.95,201.15,201.4,199.5,200.25,520
2026-04-22 13:09:00,24431.45,200.95,200.95,200.25,200.95,65
2026-04-22 13:10:00,24429.35,202.6,204.4,200.95,204.4,1105
2026-04-22 13:11:00,24427.65,202.35,204.4,202.25,203.0,2860
2026-04-22 13:12:00,24419.45,204.0,207.7,203.0,207.3,650
2026-04-22 13:13:00,24423.45,205.1,207.3,205.1,206.15,195
2026-04-22 13:14:00,24431.25,206.15,206.15,206.15,206.15,0
2026-04-22 13:15:00,24430.35,206.15,206.15,206.15,206.15,0
2026-04-22 13:16:00,24427.7,204.45,206.15,204.45,204.45,65
2026-04-22 13:17:00,24420.75,204.45,204.45,204.45,204.45,0
2026-04-22 13:18:00,24420.6,206.0,206.0,204.45,206.0,65
2026-04-22 13:19:00,24412.65,209.0,209.8,206.0,209.8,715
2026-04-22 13:20:00,24406.5,210.45,213.4,209.8,212.95,650
2026-04-22 13:21:00,24405.6,214.95,214.95,212.95,214.2,520
2026-04-22 13:22:00,24389.85,213.65,218.9,213.65,218.9,910
2026-04-22 13:23:00,24394.65,219.85,221.0,218.2,218.2,1495
2026-04-22 13:24:00,24392.6,215.65,218.75,215.65,218.65,1625
2026-04-22 13:25:00,24395.35,218.65,218.75,216.7,218.4,975
2026-04-22 13:26:00,24400.75,214.95,218.4,213.95,215.65,390
2026-04-22 13:27:00,24403.95,214.75,215.65,212.45,212.45,195
2026-04-22 13:28:00,24402.2,212.45,212.45,212.45,212.45,0
2026-04-22 13:29:00,24415.6,211.1,212.45,209.85,209.85,585
2026-04-22 13:30:00,24417.05,206.3,209.85,206.25,207.3,390
2026-04-22 13:31:00,24414.35,207.3,207.3,207.3,207.3,0
2026-04-22 13:32:00,24418.15,209.9,209.9,206.85,206.85,260
2026-04-22 13:33:00,24426.45,202.4,206.85,201.95,202.85,455
2026-04-22 13:34:00,24422.95,203.2,204.65,202.85,204.65,325
2026-04-22 13:35:00,24429.4,202.35,204.65,201.4,201.9,325
2026-04-22 13:36:00,24428.75,201.9,202.7,201.9,202.7,195
2026-04-22 13:37:00,24427.35,203.25,203.25,202.7,203.25,65
2026-04-22 13:38:00,24418.25,204.0,205.9,203.25,205.9,325
2026-04-22 13:39:00,24420.75,206.3,206.75,204.1,204.55,650
2026-04-22 13:40:00,24426.75,203.85,204.55,202.7,202.7,1625
2026-04-22 13:41:00,24431.65,201.1,202.7,201.1,201.1,65
2026-04-22 13:42:00,24427.2,201.1,201.1,201.1,201.1,0
2026-04-22 13:43:00,24428.95,203.65,203.85,201.1,202.1,1300
2026-04-22 13:44:00,24431.9,202.1,202.1,200.4,200.4,650
2026-04-22 13:45:00,24429.95,201.0,201.0,200.4,201.0,260
2026-04-22 13:46:00,24430.95,201.0,201.0,201.0,201.0,0
2026-04-22 13:47:00,24428.9,201.0,201.0,201.0,201.0,0
2026-04-22 13:48:00,24432.35,201.65,201.65,201.0,201.0,715
2026-04-22 13:49:00,24432.35,201.1,201.1,201.0,201.1,65
2026-04-22 13:50:00,24428.95,202.55,203.15,201.1,202.55,1040
2026-04-22 13:51:00,24428.05,204.65,204.65,202.55,204.65,65
2026-04-22 13:52:00,24421.8,204.65,204.65,204.65,204.65,0
2026-04-22 13:53:00,24420.3,206.7,207.55,204.65,207.55,195
2026-04-22 13:54:00,24423.15,208.4,209.0,207.0,207.0,1105
2026-04-22 13:55:00,24432.75,207.15,207.15,202.0,202.0,585
2026-04-22 13:56:00,24438.7,201.45,202.0,195.8,197.05,5915
2026-04-22 13:57:00,24444.25,196.85,198.2,195.0,195.0,2795
2026-04-22 13:58:00,24446.15,191.65,195.0,190.85,194.35,845
2026-04-22 13:59:00,24449.55,193.55,194.35,192.7,192.7,260
2026-04-22 14:00:00,24456.95,191.65,192.7,188.05,188.4,3055
2026-04-22 14:01:00,24450.4,188.25,192.45,188.25,190.95,1625
2026-04-22 14:02:00,24446.0,191.15,193.65,190.95,193.5,1560
2026-04-22 14:03:00,24432.15,194.25,199.5,193.5,199.5,1105
2026-04-22 14:04:00,24420.4,199.15,204.7,199.15,203.45,975
2026-04-22 14:05:00,24428.9,202.15,203.45,200.7,201.3,1300
2026-04-22 14:06:00,24424.95,200.9,204.4,200.9,204.4,2340
2026-04-22 14:07:00,24429.35,204.7,204.7,200.8,201.45,455
2026-04-22 14:08:00,24429.35,201.85,201.85,201.45,201.85,65
2026-04-22 14:09:00,24422.6,201.85,201.85,201.85,201.85,0
2026-04-22 14:10:00,24410.45,204.4,208.15,201.85,207.25,1495
2026-04-22 14:11:00,24407.1,207.45,208.85,207.25,208.85,585
2026-04-22 14:12:00,24411.4,208.25,208.85,208.25,208.25,65
2026-04-22 14:13:00,24407.65,208.25,208.25,208.25,208.25,0
2026-04-22 14:14:00,24415.0,208.0,208.25,206.95,206.95,2015
2026-04-22 14:15:00,24414.15,207.5,209.0,206.95,209.0,910
2026-04-22 14:16:00,24401.65,212.8,214.55,209.0,214.55,130
2026-04-22 14:17:00,24395.85,213.2,217.65,213.2,217.65,2665
2026-04-22 14:18:00,24392.45,216.75,219.55,216.75,219.55,975
2026-04-22 14:19:00,24403.35,219.6,219.6,213.0,213.0,1040
2026-04-22 14:20:00,24397.35,214.45,217.05,213.0,217.05,910
2026-04-22 14:21:00,24406.45,214.1,217.05,210.0,212.3,2340
2026-04-22 14:22:00,24406.8,212.8,212.8,210.25,210.25,780
2026-04-22 14:23:00,24409.1,208.65,211.3,208.0,211.2,650
2026-04-22 14:24:00,24410.1,211.4,211.4,209.85,209.85,390
2026-04-22 14:25:00,24414.9,208.35,209.85,206.35,206.35,390
2026-04-22 14:26:00,24410.7,206.35,206.35,206.35,206.35,0
2026-04-22 14:27:00,24409.75,210.15,210.15,206.35,210.15,65
2026-04-22 14:28:00,24405.4,210.0,210.6,210.0,210.6,130
2026-04-22 14:29:00,24405.6,210.6,210.6,210.6,210.6,0
2026-04-22 14:30:00,24407.35,211.35,211.35,208.65,209.05,325
2026-04-22 14:31:00,24410.1,208.2,209.05,206.9,207.0,1040
2026-04-22 14:32:00,24409.45,207.0,207.0,207.0,207.0,0
2026-04-22 14:33:00,24413.6,207.0,207.0,207.0,207.0,0
2026-04-22 14:34:00,24412.1,207.0,207.0,207.0,207.0,65
2026-04-22 14:35:00,24412.6,207.0,207.0,207.0,207.0,0
2026-04-22 14:36:00,24421.95,206.15,207.0,202.05,202.05,195
2026-04-22 14:37:00,24425.95,203.4,203.4,200.9,201.15,455
2026-04-22 14:38:00,24414.8,205.4,206.55,201.15,206.55,130
2026-04-22 14:39:00,24416.1,207.4,207.4,206.55,207.4,65
2026-04-22 14:40:00,24412.7,204.35,207.4,204.35,207.0,130
2026-04-22 14:41:00,24417.2,205.65,207.0,205.65,205.65,65
2026-04-22 14:42:00,24415.3,206.65,206.65,205.65,206.65,130
2026-04-22 14:43:00,24417.25,206.65,206.65,206.65,206.65,0
2026-04-22 14:44:00,24413.15,208.0,208.95,206.65,208.95,195
2026-04-22 14:45:00,24413.1,208.1,210.55,208.1,208.35,1235
2026-04-22 14:46:00,24410.55,210.35,210.5,208.15,210.5,1365
2026-04-22 14:47:00,24416.8,206.95,210.5,206.95,206.95,65
2026-04-22 14:48:00,24417.85,207.1,207.1,205.55,205.55,260
2026-04-22 14:49:00,24414.45,207.55,209.05,205.55,209.05,195
2026-04-22 14:50:00,24410.85,210.45,210.45,209.05,210.0,325
2026-04-22 14:51:00,24415.45,209.7,210.0,207.5,207.5,455
2026-04-22 14:52:00,24418.55,204.8,207.5,204.8,206.5,130
2026-04-22 14:53:00,24419.15,206.05,207.05,206.05,207.05,260
2026-04-22 14:54:00,24421.3,207.05,207.25,205.65,205.65,910
2026-04-22 14:55:00,24428.85,205.25,205.65,204.0,204.0,195
2026-04-22 14:56:00,24427.1,204.0,204.0,204.0,204.0,0
2026-04-22 14:57:00,24426.35,207.0,207.0,204.0,207.0,195
2026-04-22 14:58:00,24424.25,207.95,209.0,206.45,207.0,975
2026-04-22 14:59:00,24425.75,204.8,207.0,204.8,204.8,65
2026-04-22 15:00:00,24404.0,207.0,212.7,204.8,212.25,2210
2026-04-22 15:01:00,24392.35,212.85,217.1,212.25,215.3,1625
2026-04-22 15:02:00,24397.45,217.8,218.25,212.4,213.6,520
2026-04-22 15:03:00,24382.7,214.65,219.55,213.6,219.35,1625
2026-04-22 15:04:00,24385.1,218.25,219.35,218.25,218.25,65
2026-04-22 15:05:00,24380.6,220.0,220.35,218.25,220.35,1495
2026-04-22 15:06:00,24380.3,220.35,220.65,220.2,220.65,455
2026-04-22 15:07:00,24379.45,217.25,220.65,217.25,217.8,390
2026-04-22 15:08:00,24376.2,219.9,221.3,217.8,219.85,910
2026-04-22 15:09:00,24378.9,220.4,220.4,218.9,219.15,650
2026-04-22 15:10:00,24376.6,221.85,222.0,219.15,221.55,1365
2026-04-22 15:11:00,24376.5,220.0,221.55,218.7,220.35,455
2026-04-22 15:12:00,24377.9,219.9,220.35,219.9,219.9,65
2026-04-22 15:13:00,24380.55,218.0,219.9,215.0,215.0,910
2026-04-22 15:14:00,24382.4,215.9,215.9,212.15,214.5,715
2026-04-22 15:15:00,24391.6,214.35,214.8,208.65,209.3,1495
2026-04-22 15:16:00,24387.25,210.2,212.85,209.3,211.65,2145
2026-04-22 15:17:00,24383.55,212.5,212.5,211.65,212.45,195
2026-04-22 15:18:00,24378.55,213.6,214.45,212.45,214.1,715
2026-04-22 15:19:00,24378.45,214.5,214.5,212.95,213.3,1690
2026-04-22 15:20:00,24377.45,213.6,214.25,213.3,214.25,845
2026-04-22 15:21:00,24376.9,214.25,214.45,212.3,212.6,2990
2026-04-22 15:22:00,24379.6,211.95,212.6,210.25,210.35,1430
2026-04-22 15:23:00,24377.4,211.25,212.35,210.35,212.35,910
2026-04-22 15:24:00,24369.5,213.4,213.4,212.35,213.35,130
2026-04-22 15:25:00,24366.5,211.8,213.35,210.9,211.45,1040
2026-04-22 15:26:00,24363.4,212.55,213.05,211.45,212.45,585
2026-04-22 15:27:00,24361.8,213.0,213.15,212.45,213.1,2665
2026-04-22 15:28:00,24359.5,213.15,213.6,212.55,212.6,2405
2026-04-22 15:29:00,24367.65,212.5,212.6,206.8,206.8,2860
2026-04-24 09:15:00,24151.85,279.1,286.75,238.5,268.05,46085
2026-04-24 09:16:00,24131.35,267.6,280.0,267.6,275.05,23985
2026-04-24 09:17:00,24106.95,271.65,287.05,271.65,286.8,26585
2026-04-24 09:18:00,24113.65,284.2,288.65,278.75,283.75,31590
2026-04-24 09:19:00,24124.2,283.8,286.95,278.6,283.25,23790
2026-04-24 09:20:00,24087.7,283.6,299.85,283.25,299.85,27820
2026-04-24 09:21:00,24088.85,300.0,306.6,295.3,302.45,29250
2026-04-24 09:22:00,24107.2,300.2,302.45,290.0,292.35,28210
2026-04-24 09:23:00,24103.35,291.55,295.55,286.0,295.4,20735
2026-04-24 09:24:00,24091.1,296.0,303.0,295.4,301.2,20800
2026-04-24 09:25:00,24078.1,302.95,309.65,301.2,307.0,37505
2026-04-24 09:26:00,24076.4,307.8,309.8,304.25,307.25,23465
2026-04-24 09:27:00,24068.6,309.0,313.85,306.1,312.0,27365
2026-04-24 09:28:00,24064.3,312.95,315.4,309.5,315.2,55640
2026-04-24 09:29:00,24058.1,315.6,318.95,313.25,317.7,17810
2026-04-24 09:30:00,24053.6,320.95,329.15,317.35,323.6,51220
2026-04-24 09:31:00,24046.7,321.3,324.95,316.15,324.15,34775
2026-04-24 09:32:00,24029.45,323.6,333.0,322.7,330.1,21060
2026-04-24 09:33:00,24031.3,331.5,334.0,328.85,328.85,16380
2026-04-24 09:34:00,24017.65,328.45,339.35,326.9,336.05,22425
2026-04-24 09:35:00,24025.7,337.2,339.35,329.1,330.8,20930
2026-04-24 09:36:00,24009.6,331.25,343.2,330.8,342.05,13130
2026-04-24 09:37:00,24008.95,341.2,346.0,336.0,339.85,17420
2026-04-24 09:38:00,24008.6,342.95,344.25,337.85,337.85,8645
2026-04-24 09:39:00,24002.45,337.5,343.7,335.85,343.05,9815
2026-04-24 09:40:00,24002.8,344.0,348.85,339.05,341.65,14105
2026-04-24 09:41:00,23993.95,341.4,348.5,341.4,347.4,7215
2026-04-24 09:42:00,24000.25,347.6,347.6,342.0,343.5,6435
2026-04-24 09:43:00,23991.85,343.95,350.95,342.0,350.45,10010
2026-04-24 09:44:00,23984.25,350.0,355.0,349.65,355.0,6240
2026-04-24 09:45:00,23968.5,356.7,366.55,355.0,366.55,52845
2026-04-24 09:46:00,23958.8,366.0,376.8,365.25,375.0,18915
2026-04-24 09:47:00,23957.15,375.45,379.7,372.95,379.7,11375
2026-04-24 09:48:00,23973.7,378.45,379.7,360.45,363.65,14690
2026-04-24 09:49:00,23984.1,364.85,364.85,355.85,355.85,6695
2026-04-24 09:50:00,23965.75,357.5,370.45,355.85,370.45,8580
2026-04-24 09:51:00,23984.2,369.0,370.45,358.5,358.5,8970
2026-04-24 09:52:00,23981.15,360.15,363.2,358.4,359.4,2665
2026-04-24 09:53:00,23975.15,334.85,338.0,334.8,337.25,1755
2026-04-24 09:54:00,23959.1,367.0,375.7,362.35,375.0,6890
2026-04-24 09:55:00,23954.5,377.5,383.5,375.0,377.35,11570
2026-04-24 09:56:00,23952.2,374.65,380.95,374.65,380.95,2275
2026-04-24 09:57:00,23952.9,381.85,382.9,377.0,380.7,5655
2026-04-24 09:58:00,23955.15,379.2,381.15,376.65,377.05,3250
2026-04-24 09:59:00,23955.0,377.2,378.0,370.85,378.0,3640
2026-04-24 10:00:00,23976.45,376.1,378.0,363.95,364.05,7735
2026-04-24 10:01:00,23988.35,363.0,364.05,353.25,355.9,9295
2026-04-24 10:02:00,23983.35,356.35,357.6,352.15,357.4,6240
2026-04-24 10:03:00,23988.4,355.35,357.4,348.2,353.3,5655
2026-04-24 10:04:00,23990.4,352.8,355.5,352.7,353.8,1885
2026-04-24 10:05:00,23996.65,353.2,353.8,348.95,351.85,2405
2026-04-24 10:06:00,24002.45,353.1,353.1,346.95,347.1,2275
2026-04-24 10:07:00,23993.5,346.05,350.95,345.85,350.95,3185
2026-04-24 10:08:00,23993.9,352.95,355.2,349.55,349.55,3640
2026-04-24 10:09:00,23986.95,351.45,357.0,349.55,357.0,715
2026-04-24 10:10:00,23989.0,356.6,362.15,356.6,357.4,5525
2026-04-24 10:11:00,23993.8,354.55,357.4,349.45,350.0,3640
2026-04-24 10:12:00,23998.3,350.1,352.45,344.4,344.4,5720
2026-04-24 10:13:00,23996.85,344.8,345.1,341.05,345.1,2925
2026-04-24 10:14:00,23992.85,348.0,350.0,345.1,350.0,2470
2026-04-24 10:15:00,23981.85,352.1,356.65,350.0,354.9,2535
2026-04-24 10:16:00,23977.15,355.8,358.8,354.9,358.5,3900
2026-04-24 10:17:00,23978.9,358.55,360.65,355.5,356.45,3380
2026-04-24 10:18:00,23981.9,356.8,359.7,350.7,352.3,6110
2026-04-24 10:19:00,23971.3,353.0,362.1,352.3,360.0,4875
2026-04-24 10:20:00,23966.65,357.5,365.4,357.5,363.3,2275
2026-04-24 10:21:00,23959.7,364.45,369.0,363.3,368.3,2795
2026-04-24 10:22:00,23959.55,369.0,369.0,364.0,368.35,4095
2026-04-24 10:23:00,23953.8,368.1,372.55,367.45,371.15,2405
2026-04-24 10:24:00,23943.9,371.75,380.0,370.45,380.0,5135
2026-04-24 10:25:00,23950.55,379.0,384.3,373.65,374.35,9685
2026-04-24 10:26:00,23958.75,373.5,374.35,368.4,371.2,5395
2026-04-24 10:27:00,23958.6,372.65,372.65,370.5,371.25,1300
2026-04-24 10:28:00,23958.5,375.2,376.0,370.7,370.85,1170
2026-04-24 10:29:00,23957.7,370.0,370.85,369.75,370.55,1560
2026-04-24 10:30:00,23959.85,374.6,374.6,367.1,367.1,2015
2026-04-24 10:31:00,23960.05,369.8,371.2,365.65,371.2,3510
2026-04-24 10:32:00,23961.05,371.4,374.8,368.6,368.6,3510
2026-04-24 10:33:00,23966.5,368.4,368.6,365.0,365.3,1170
2026-04-24 10:34:00,23965.4,363.6,367.35,362.3,367.35,1365
2026-04-24 10:35:00,23960.8,367.35,370.55,366.0,370.55,455
2026-04-24 10:36:00,23961.4,373.9,375.4,370.55,373.55,1950
2026-04-24 10:37:00,23959.85,370.9,373.55,366.7,370.45,1430
2026-04-24 10:38:00,23952.6,369.25,375.4,369.25,375.4,910
2026-04-24 10:39:00,23956.6,376.3,379.2,373.45,374.7,3445
2026-04-24 10:40:00,23959.6,375.0,376.4,370.5,370.5,1040
2026-04-24 10:41:00,23945.8,375.75,379.8,370.5,378.9,3770
2026-04-24 10:42:00,23941.65,381.45,382.15,378.9,380.5,6760
2026-04-24 10:43:00,23939.25,381.2,382.45,379.3,382.2,1950
2026-04-24 10:44:00,23933.65,383.15,389.0,381.45,387.05,11050
2026-04-24 10:45:00,23936.65,389.6,389.6,382.0,383.2,3510
2026-04-24 10:46:00,23936.8,382.5,383.35,381.4,383.1,1950
2026-04-24 10:47:00,23928.75,382.6,389.0,381.45,386.8,2210
2026-04-24 10:48:00,23920.65,389.0,394.5,386.8,393.5,5850
2026-04-24 10:49:00,23920.2,391.0,396.25,391.0,392.1,6760
2026-04-24 10:50:00,23923.25,394.6,394.6,389.35,391.0,2600
2026-04-24 10:51:00,23933.55,391.95,391.95,379.4,384.8,7020
2026-04-24 10:52:00,23937.4,383.55,384.8,377.75,379.25,1040
2026-04-24 10:53:00,23937.8,378.35,382.35,378.1,382.35,4355
2026-04-24 10:54:00,23942.05,381.1,382.35,378.0,378.45,3055
2026-04-24 10:55:00,23941.8,379.05,379.05,376.6,378.0,1300
2026-04-24 10:56:00,23941.55,380.0,380.0,375.65,375.65,1625
2026-04-24 10:57:00,23929.7,377.4,384.1,375.65,384.1,910
2026-04-24 10:58:00,23931.3,385.0,385.0,381.2,381.2,1105
2026-04-24 10:59:00,23925.4,387.05,388.0,381.2,387.8,3835
2026-04-24 11:00:00,23920.55,387.8,392.1,387.8,391.2,2600
2026-04-24 11:01:00,23915.0,391.25,393.45,391.2,393.45,1235
2026-04-24 11:02:00,23921.95,391.25,393.45,388.3,389.7,3640
2026-04-24 11:03:00,23923.45,391.2,391.2,389.25,389.25,1625
2026-04-24 11:04:00,23924.4,412.6,417.0,412.6,413.0,1365
2026-04-24 11:05:00,23934.7,383.95,383.95,380.35,380.35,195
2026-04-24 11:06:00,23940.4,380.35,380.35,375.0,375.5,2340
2026-04-24 11:07:00,23929.05,374.2,382.65,374.2,382.65,1560
2026-04-24 11:08:00,23929.0,382.3,382.65,380.5,380.5,195
2026-04-24 11:09:00,23921.65,382.5,388.65,380.5,388.65,1105
2026-04-24 11:10:00,23923.3,387.35,388.65,384.1,384.1,975
2026-04-24 11:11:00,23918.65,388.0,388.8,384.1,388.2,2405
2026-04-24 11:12:00,23913.9,389.7,392.45,388.2,391.2,2535
2026-04-24 11:13:00,23912.8,390.8,392.55,390.0,391.9,3770
2026-04-24 11:14:00,23916.2,390.0,391.9,387.75,390.4,1105
2026-04-24 11:15:00,23914.45,390.95,393.8,389.0,389.6,3510
2026-04-24 11:16:00,23909.1,389.0,393.3,386.05,393.3,2600
2026-04-24 11:17:00,23906.05,394.0,396.8,392.65,396.8,5980
2026-04-24 11:18:00,23917.9,395.1,396.8,386.5,386.5,2145
2026-04-24 11:19:00,23920.25,387.0,387.0,382.0,384.8,5655
2026-04-24 11:20:00,23930.05,384.95,384.95,379.05,379.05,1690
2026-04-24 11:21:00,23931.15,379.0,380.1,376.85,379.8,1885
2026-04-24 11:22:00,23937.15,377.45,379.8,374.35,374.35,910
2026-04-24 11:23:00,23929.7,377.05,380.2,374.35,380.2,1560
2026-04-24 11:24:00,23928.65,380.0,380.75,379.05,380.75,2730
2026-04-24 11:25:00,23935.85,382.25,382.25,372.75,373.2,2925
2026-04-24 11:26:00,23938.85,373.6,373.6,370.0,373.25,4875
2026-04-24 11:27:00,23934.95,373.8,376.3,372.65,374.4,2340
2026-04-24 11:28:00,23933.4,376.3,376.8,374.25,376.15,1560
2026-04-24 11:29:00,23931.3,376.0,378.95,376.0,378.95,975
2026-04-24 11:30:00,23936.95,378.25,378.95,372.45,372.45,4160
2026-04-24 11:31:00,23938.55,371.55,374.65,371.3,372.7,1950
2026-04-24 11:32:00,23943.65,370.45,372.7,367.8,367.8,1235
2026-04-24 11:33:00,23948.25,367.6,367.8,364.95,366.2,14430
2026-04-24 11:34:00,23939.7,365.45,370.7,365.25,370.7,8450
2026-04-24 11:35:00,23938.3,370.75,374.45,370.35,374.45,1170
2026-04-24 11:36:00,23933.15,374.9,377.05,373.05,377.05,910
2026-04-24 11:37:00,23927.4,379.6,381.8,377.05,380.4,5460
2026-04-24 11:38:00,23935.3,378.8,380.4,378.8,378.8,65
2026-04-24 11:39:00,23936.0,374.15,378.8,373.7,375.1,1040
2026-04-24 11:40:00,23928.9,376.8,381.2,375.1,380.0,2600
2026-04-24 11:41:00,23924.75,379.6,380.0,379.6,379.6,195
2026-04-24 11:42:00,23925.25,352.1,352.1,351.35,351.35,390
2026-04-24 11:43:00,23926.6,377.6,378.4,376.05,377.25,1105
2026-04-24 11:44:00,23927.05,379.55,379.55,377.25,377.3,2145
2026-04-24 11:45:00,23917.7,376.9,383.0,376.9,382.6,2535
2026-04-24 11:46:00,23922.75,380.0,382.6,376.0,376.0,1040
2026-04-24 11:47:00,23915.1,382.9,384.25,376.0,384.25,520
2026-04-24 11:48:00,23910.05,384.8,386.05,384.05,386.05,5005
2026-04-24 11:49:00,23906.9,388.45,388.95,384.05,387.95,1885
2026-04-24 11:50:00,23898.9,388.95,394.5,387.95,394.15,4745
2026-04-24 11:51:00,23899.35,395.0,396.25,389.05,391.45,3835
2026-04-24 11:52:00,23898.25,393.6,396.0,391.45,396.0,845
2026-04-24 11:53:00,23899.0,393.6,396.0,391.95,394.6,1560
2026-04-24 11:54:00,23899.2,392.0,394.6,388.9,391.05,910
2026-04-24 11:55:00,23897.55,395.0,398.0,391.05,396.75,5525
2026-04-24 11:56:00,23901.9,395.4,396.75,391.25,393.15,715
2026-04-24 11:57:00,23903.4,390.45,393.15,390.3,391.0,260
2026-04-24 11:58:00,23899.2,389.75,394.55,389.75,393.2,3965
2026-04-24 11:59:00,23898.25,393.4,393.85,391.85,392.1,520
2026-04-24 12:00:00,23895.8,392.1,394.25,391.6,394.25,1495
2026-04-24 12:01:00,23903.4,394.25,394.25,387.65,389.0,4485
2026-04-24 12:02:00,23905.9,390.0,390.0,387.95,389.4,2405
2026-04-24 12:03:00,23901.3,388.8,392.0,388.8,390.9,650
2026-04-24 12:04:00,23906.75,393.0,393.85,386.45,387.6,1040
2026-04-24 12:05:00,23907.4,386.9,388.55,385.75,388.55,650
2026-04-24 12:06:00,23906.65,385.6,388.55,384.7,385.0,650
2026-04-24 12:07:00,23907.1,389.1,390.15,385.0,387.85,975
2026-04-24 12:08:00,23914.9,388.1,388.1,380.5,380.5,715
2026-04-24 12:09:00,23918.25,379.85,380.95,377.65,377.65,1235
2026-04-24 12:10:00,23925.85,377.0,381.2,375.4,376.55,2405
2026-04-24 12:11:00,23924.2,375.0,377.1,374.15,377.1,325
2026-04-24 12:12:00,23925.4,348.0,348.3,347.4,347.4,195
2026-04-24 12:13:00,23924.4,375.6,377.0,374.0,375.2,11570
2026-04-24 12:14:00,23930.65,374.4,375.2,368.6,370.35,2015
2026-04-24 12:15:00,23925.6,368.75,375.0,368.75,375.0,1950
2026-04-24 12:16:00,23929.1,376.65,376.65,372.45,372.45,390
2026-04-24 12:17:00,23932.2,371.25,372.45,369.55,369.8,1040
2026-04-24 12:18:00,23925.95,370.9,373.75,369.8,371.1,8450
2026-04-24 12:19:00,23931.05,371.35,371.35,368.6,370.4,2015
2026-04-24 12:20:00,23920.1,371.35,380.0,370.0,378.65,6500
2026-04-24 12:21:00,23920.95,380.8,381.9,377.55,377.55,3640
2026-04-24 12:22:00,23910.35,380.2,380.2,377.55,380.2,65
2026-04-24 12:23:00,23904.6,384.95,387.0,380.2,387.0,2275
2026-04-24 12:24:00,23897.6,388.0,393.0,387.0,391.7,1755
2026-04-24 12:25:00,23885.0,392.6,406.35,391.7,403.65,7410
2026-04-24 12:26:00,23890.45,402.0,403.65,394.15,395.75,4225
2026-04-24 12:27:00,23885.65,397.0,402.0,394.35,402.0,1950
2026-04-24 12:28:00,23885.0,402.85,405.55,399.0,399.0,3510
2026-04-24 12:29:00,23881.8,397.2,399.15,395.0,397.75,1235
2026-04-24 12:30:00,23884.75,398.8,398.8,397.75,398.15,455
2026-04-24 12:31:00,23887.25,396.75,398.2,394.65,396.65,2405
2026-04-24 12:32:00,23889.7,395.3,396.65,393.95,394.35,1170
2026-04-24 12:33:00,23902.95,391.35,394.35,389.65,390.15,1950
2026-04-24 12:34:00,23906.4,387.1,390.15,385.9,386.7,1950
2026-04-24 12:35:00,23897.85,384.35,389.85,384.0,389.85,2080
2026-04-24 12:36:00,23888.7,388.5,391.0,388.45,391.0,3055
2026-04-24 12:37:00,23896.7,390.95,391.6,385.45,385.45,975
2026-04-24 12:38:00,23907.2,383.85,385.45,375.8,378.45,1625
2026-04-24 12:39:00,23901.85,378.35,384.0,376.35,382.7,585
2026-04-24 12:40:00,23898.0,384.6,387.45,382.7,387.45,780
2026-04-24 12:41:00,23902.35,387.25,387.45,381.0,385.55,585
2026-04-24 12:42:00,23904.2,385.15,387.0,385.15,386.1,195
2026-04-24 12:43:00,23893.2,389.4,392.0,386.1,391.8,520
2026-04-24 12:44:00,23882.1,392.0,398.5,391.8,398.5,2015
2026-04-24 12:45:00,23888.7,399.4,399.4,394.15,394.5,975
2026-04-24 12:46:00,23892.15,392.6,394.5,390.75,393.45,715
2026-04-24 12:47:00,23897.0,391.95,393.45,389.0,389.0,325
2026-04-24 12:48:00,23901.2,383.65,389.0,383.65,383.65,65
2026-04-24 12:49:00,23897.3,382.25,389.2,382.25,389.2,325
2026-04-24 12:50:00,23907.4,382.75,389.2,380.4,380.9,325
2026-04-24 12:51:00,23900.05,384.75,388.6,380.9,388.6,455
2026-04-24 12:52:00,23902.65,388.6,388.6,388.6,388.6,0
2026-04-24 12:53:00,23909.65,382.4,388.6,382.0,382.55,455
2026-04-24 12:54:00,23905.6,383.2,386.4,382.55,386.15,975
2026-04-24 12:55:00,23908.7,383.3,386.15,382.7,383.75,455
2026-04-24 12:56:00,23914.45,382.05,383.75,380.45,381.35,195
2026-04-24 12:57:00,23907.0,377.85,382.9,377.85,382.9,845
2026-04-24 12:58:00,23902.8,386.75,388.15,382.9,386.55,910
2026-04-24 12:59:00,23904.35,386.95,386.95,386.55,386.95,65
2026-04-24 13:00:00,23896.8,388.0,390.05,386.95,389.5,455
2026-04-24 13:01:00,23887.05,394.5,394.5,389.5,394.5,65
2026-04-24 13:02:00,23887.5,391.8,395.35,390.0,395.35,1040
2026-04-24 13:03:00,23883.6,396.75,398.75,395.35,398.75,1300
2026-04-24 13:04:00,23876.85,399.2,403.2,398.4,403.2,2145
2026-04-24 13:05:00,23878.15,404.2,407.5,402.0,402.6,3315
2026-04-24 13:06:00,23877.45,402.0,404.7,402.0,404.7,1885
2026-04-24 13:07:00,23880.0,403.6,404.7,397.45,400.75,1755
2026-04-24 13:08:00,23881.2,402.55,402.55,400.75,401.85,1625
2026-04-24 13:09:00,23874.8,401.25,406.75,401.25,406.75,390
2026-04-24 13:10:00,23871.8,408.0,412.25,406.75,408.35,2080
2026-04-24 13:11:00,23872.55,404.15,408.45,403.15,408.45,2470
2026-04-24 13:12:00,23866.25,409.0,418.0,407.15,416.2,3770
2026-04-24 13:13:00,23861.55,415.6,419.0,415.5,419.0,5395
2026-04-24 13:14:00,23865.5,420.0,424.65,409.8,409.8,3640
2026-04-24 13:15:00,23858.7,414.6,417.2,409.8,417.2,1365
2026-04-24 13:16:00,23857.1,416.8,419.0,415.3,419.0,715
2026-04-24 13:17:00,23858.7,418.35,420.9,418.3,420.9,2145
2026-04-24 13:18:00,23865.65,417.2,420.9,415.75,417.55,1105
2026-04-24 13:19:00,23869.35,416.65,417.55,414.35,414.35,1820
2026-04-24 13:20:00,23872.35,413.1,414.35,410.05,412.25,13975
2026-04-24 13:21:00,23866.25,413.9,420.2,411.6,418.4,5265
2026-04-24 13:22:00,23875.1,417.2,418.4,408.0,411.1,22100
2026-04-24 13:23:00,23871.15,411.1,412.0,411.0,412.0,390
2026-04-24 13:24:00,23868.25,412.1,413.15,412.0,413.15,455
2026-04-24 13:25:00,23868.9,415.0,418.0,413.15,415.75,325
2026-04-24 13:26:00,23873.75,414.65,415.75,413.6,414.0,4485
2026-04-24 13:27:00,23872.1,410.9,414.0,410.9,412.85,390
2026-04-24 13:28:00,23870.15,413.5,413.5,410.95,410.95,195
2026-04-24 13:29:00,23878.3,409.7,410.95,405.35,405.35,910
2026-04-24 13:30:00,23868.55,407.5,412.85,405.35,412.85,390
2026-04-24 13:31:00,23869.75,411.7,412.85,410.75,410.75,780
2026-04-24 13:32:00,23863.8,416.5,418.0,410.75,417.4,455
2026-04-24 13:33:00,23861.75,418.0,420.0,416.4,416.4,1235
2026-04-24 13:34:00,23855.55,420.25,427.05,416.4,425.0,2275
2026-04-24 13:35:00,23859.85,420.8,425.0,417.0,417.95,195
2026-04-24 13:36:00,23852.2,420.0,420.0,417.95,420.0,65
2026-04-24 13:37:00,23848.75,424.95,425.65,420.0,425.65,585
2026-04-24 13:38:00,23843.75,426.9,432.0,425.65,430.25,1755
2026-04-24 13:39:00,23841.3,432.4,438.75,430.25,434.05,1495
2026-04-24 13:40:00,23840.6,436.6,438.0,433.85,433.95,3250
2026-04-24 13:41:00,23837.15,432.0,435.5,428.85,435.5,1170
2026-04-24 13:42:00,23838.1,440.95,440.95,435.0,435.0,2405
2026-04-24 13:43:00,23829.2,434.25,444.6,434.25,441.35,2015
2026-04-24 13:44:00,23830.4,442.55,444.0,436.05,444.0,4745
2026-04-24 13:45:00,23842.95,436.75,444.0,426.7,426.7,4420
2026-04-24 13:46:00,23852.95,424.4,426.7,420.25,422.0,4615
2026-04-24 13:47:00,23851.8,424.05,424.05,422.0,423.65,975
2026-04-24 13:48:00,23845.6,421.45,427.35,420.55,427.0,3445
2026-04-24 13:49:00,23848.7,425.15,427.0,419.25,423.05,2925
2026-04-24 13:50:00,23854.05,424.0,424.0,418.15,418.15,975
2026-04-24 13:51:00,23853.8,418.8,420.5,416.45,420.5,1235
2026-04-24 13:52:00,23851.3,421.45,425.85,420.5,424.6,650
2026-04-24 13:53:00,23849.3,423.95,426.55,423.75,425.5,585
2026-04-24 13:54:00,23854.55,423.1,425.5,419.95,419.95,585
2026-04-24 13:55:00,23850.4,421.8,423.85,419.95,423.85,455
2026-04-24 13:56:00,23851.05,425.3,425.3,423.85,425.2,520
2026-04-24 13:57:00,23839.4,427.6,430.7,425.2,430.7,715
2026-04-24 13:58:00,23845.75,430.55,433.5,429.8,429.8,2145
2026-04-24 13:59:00,23846.3,427.7,429.8,427.7,427.7,130
2026-04-24 14:00:00,23847.3,426.45,428.5,426.45,428.0,325
2026-04-24 14:01:00,23844.05,428.9,431.05,427.85,429.0,845
2026-04-24 14:02:00,23843.15,429.1,429.1,429.0,429.1,130
2026-04-24 14:03:00,23842.4,432.7,432.7,429.1,429.4,325
2026-04-24 14:04:00,23838.75,432.0,436.0,429.4,435.4,585
2026-04-24 14:05:00,23832.6,438.0,440.0,435.4,440.0,260
2026-04-24 14:06:00,23818.5,440.8,450.45,440.0,450.45,1365
2026-04-24 14:07:00,23825.4,451.8,451.8,445.0,445.25,2665
2026-04-24 14:08:00,23833.5,445.3,446.6,440.0,440.0,1560
2026-04-24 14:09:00,23839.1,436.0,440.0,432.5,436.65,780
2026-04-24 14:10:00,23839.15,434.9,436.65,433.2,433.2,390
2026-04-24 14:11:00,23838.55,432.45,433.2,432.45,432.5,715
2026-04-24 14:12:00,23844.65,432.0,432.5,428.55,428.55,585
2026-04-24 14:13:00,23845.0,430.0,431.65,428.55,430.5,390
2026-04-24 14:14:00,23841.65,430.25,434.1,430.25,431.2,585
2026-04-24 14:15:00,23843.0,433.3,433.4,430.6,432.7,455
2026-04-24 14:16:00,23860.0,431.2,432.7,418.25,418.25,1755
2026-04-24 14:17:00,23856.55,417.5,420.8,417.5,420.8,780
2026-04-24 14:18:00,23861.5,423.3,423.4,417.85,418.0,780
2026-04-24 14:19:00,23861.5,416.8,419.0,415.0,415.0,910
2026-04-24 14:20:00,23863.95,418.0,419.6,415.0,415.4,1105
2026-04-24 14:21:00,23867.85,415.1,415.4,413.1,413.25,845
2026-04-24 14:22:00,23875.05,380.0,385.75,376.45,377.55,1170
2026-04-24 14:23:00,23870.5,408.2,408.2,405.45,407.7,1365
2026-04-24 14:24:00,23863.05,408.6,411.55,407.7,411.55,715
2026-04-24 14:25:00,23865.6,415.0,417.5,411.55,414.9,455
2026-04-24 14:26:00,23876.35,411.0,414.9,406.45,406.45,325
2026-04-24 14:27:00,23881.7,408.65,409.85,401.85,401.85,1560
2026-04-24 14:28:00,23883.65,401.85,401.85,396.35,396.35,1495
2026-04-24 14:29:00,23888.55,396.65,396.65,392.25,395.25,1105
2026-04-24 14:30:00,23907.25,392.5,395.25,377.0,377.0,7735
2026-04-24 14:31:00,23913.7,375.7,380.5,374.8,379.75,1690
2026-04-24 14:32:00,23898.9,382.05,391.8,379.75,391.8,2535
2026-04-24 14:33:00,23903.3,391.95,391.95,387.25,387.25,2990
2026-04-24 14:34:00,23906.85,390.0,390.0,386.25,386.25,325
2026-04-24 14:35:00,23917.55,384.5,386.25,377.0,377.0,1625
2026-04-24 14:36:00,23921.95,377.5,377.5,374.1,375.9,1105
2026-04-24 14:37:00,23909.7,376.25,386.1,375.9,386.1,910
2026-04-24 14:38:00,23916.85,385.0,386.1,382.45,382.45,390
2026-04-24 14:39:00,23915.6,377.0,382.45,373.85,377.8,520
2026-04-24 14:40:00,23920.05,376.95,377.8,374.85,377.05,2015
2026-04-24 14:41:00,23910.25,375.85,384.45,375.85,381.05,2080
2026-04-24 14:42:00,23917.1,380.0,381.05,372.05,372.8,1300
2026-04-24 14:43:00,23918.85,374.95,374.95,372.8,374.6,130
2026-04-24 14:44:00,23926.0,376.75,378.3,374.6,378.3,195
2026-04-24 14:45:00,23928.3,373.5,378.3,370.75,372.0,2665
2026-04-24 14:46:00,23916.8,376.0,381.0,372.0,377.8,1625
2026-04-24 14:47:00,23921.7,380.05,380.05,375.8,375.8,2080
2026-04-24 14:48:00,23919.45,380.0,381.0,375.8,381.0,650
2026-04-24 14:49:00,23920.9,378.9,381.0,376.35,376.35,585
2026-04-24 14:50:00,23915.3,376.85,380.9,376.35,377.65,3250
2026-04-24 14:51:00,23927.8,377.65,377.65,371.5,372.3,1885
2026-04-24 14:52:00,23911.55,369.65,386.05,369.65,381.45,4095
2026-04-24 14:53:00,23916.05,382.1,384.15,373.6,381.2,4745
2026-04-24 14:54:00,23916.0,382.55,382.55,381.2,382.2,195
2026-04-24 14:55:00,23912.55,380.15,385.6,380.15,385.6,650
2026-04-24 14:56:00,23915.85,382.6,385.6,380.0,383.6,1040
2026-04-24 14:57:00,23917.25,380.65,383.6,378.05,378.05,1885
2026-04-24 14:58:00,23923.35,379.1,379.4,373.2,373.5,520
2026-04-24 14:59:00,23920.9,375.55,378.95,373.5,378.95,975
2026-04-24 15:00:00,23906.4,389.0,392.0,378.95,388.0,2470
2026-04-24 15:01:00,23895.7,390.0,395.3,388.0,392.0,2990
2026-04-24 15:02:00,23893.05,397.0,398.0,392.0,396.35,1820
2026-04-24 15:03:00,23884.2,391.8,403.0,391.8,403.0,1755
2026-04-24 15:04:00,23871.2,403.3,407.35,402.95,405.4,2080
2026-04-24 15:05:00,23867.15,407.5,413.65,405.4,408.75,2990
2026-04-24 15:06:00,23881.15,408.65,408.75,398.95,400.95,1625
2026-04-24 15:07:00,23889.0,398.8,400.95,396.45,396.55,1365
2026-04-24 15:08:00,23890.8,397.05,398.25,394.3,394.3,1300
2026-04-24 15:09:00,23893.5,395.2,395.2,390.3,390.3,975
2026-04-24 15:10:00,23884.05,389.05,396.7,388.3,396.7,1170
2026-04-24 15:11:00,23886.05,391.55,396.7,391.55,391.55,130
2026-04-24 15:12:00,23887.95,393.2,395.5,391.55,395.5,650
2026-04-24 15:13:00,23891.5,393.2,395.5,393.1,394.75,585
2026-04-24 15:14:00,23895.45,396.0,396.0,394.75,395.05,260
2026-04-24 15:15:00,23905.1,391.45,395.05,385.1,387.0,1885
2026-04-24 15:16:00,23917.35,382.0,387.0,378.9,380.55,2080
2026-04-24 15:17:00,23921.65,378.6,380.55,374.8,375.1,3575
2026-04-24 15:18:00,23913.45,380.0,381.25,375.1,379.85,910
2026-04-24 15:19:00,23916.65,378.95,379.85,375.8,376.0,1040
2026-04-24 15:20:00,23910.95,376.8,381.35,376.0,381.35,2470
2026-04-24 15:21:00,23903.2,381.3,387.95,380.05,387.95,1235
2026-04-24 15:22:00,23904.1,388.9,388.95,385.85,387.0,2535
2026-04-24 15:23:00,23903.7,386.9,387.0,385.85,385.85,2080
2026-04-24 15:24:00,23910.9,384.5,385.85,382.2,383.3,1690
2026-04-24 15:25:00,23906.6,382.7,383.35,379.5,382.4,4550
2026-04-24 15:26:00,23910.9,382.8,382.85,379.55,380.35,1560
2026-04-24 15:27:00,23907.85,380.45,382.65,379.95,381.25,6955
2026-04-24 15:28:00,23907.15,383.0,385.4,381.25,384.1,3575
2026-04-24 15:29:00,23903.95,385.0,388.0,383.5,386.1,4030
2026-04-28 09:15:00,24034.3,260.0,283.05,250.75,268.65,182585
2026-04-28 09:16:00,24064.45,266.0,269.1,248.3,253.8,101985
2026-04-28 09:17:00,24065.8,250.85,253.8,247.2,251.95,77090
2026-04-28 09:18:00,24080.55,252.25,256.1,245.95,245.95,106275
2026-04-28 09:19:00,24093.85,245.9,245.95,234.55,235.9,132600
2026-04-28 09:20:00,24098.25,236.0,236.7,228.6,234.15,106535
2026-04-28 09:21:00,24095.85,233.15,240.8,232.3,234.8,121550
2026-04-28 09:22:00,24091.2,234.65,239.7,234.05,235.0,70850
2026-04-28 09:23:00,24087.55,234.4,236.9,232.0,236.0,46085
2026-04-28 09:24:00,24086.7,235.45,242.0,234.9,234.9,101725
2026-04-28 09:25:00,24122.35,235.25,235.25,218.3,218.3,107640
2026-04-28 09:26:00,24129.7,215.6,218.3,212.65,214.85,140920
2026-04-28 09:27:00,24120.95,215.0,223.0,214.65,222.1,118040
2026-04-28 09:28:00,24123.25,219.6,222.7,217.25,217.25,70590
2026-04-28 09:29:00,24115.35,217.0,222.0,215.6,222.0,52715
2026-04-28 09:30:00,24109.5,221.3,225.05,216.15,222.7,91390
2026-04-28 09:31:00,24105.3,222.7,226.55,222.05,225.75,68705
2026-04-28 09:32:00,24104.6,224.65,228.7,221.25,225.25,76310
2026-04-28 09:33:00,24111.45,225.7,228.25,220.5,220.7,64220
2026-04-28 09:34:00,24105.95,222.15,224.6,218.4,223.8,67730
2026-04-28 09:35:00,24094.7,223.4,232.85,223.4,231.75,90805
2026-04-28 09:36:00,24105.65,230.9,232.2,221.75,222.15,64285
2026-04-28 09:37:00,24108.2,223.2,225.1,218.15,220.75,45630
2026-04-28 09:38:00,24103.15,220.8,224.85,220.75,222.3,29705
2026-04-28 09:39:00,24101.9,221.5,226.85,221.5,223.15,47125
2026-04-28 09:40:00,24115.55,222.7,223.25,214.9,217.05,74555
2026-04-28 09:41:00,24120.7,216.75,217.1,212.2,214.0,61750
2026-04-28 09:42:00,24120.55,214.45,214.75,210.05,214.5,83590
2026-04-28 09:43:00,24127.35,214.85,215.05,209.0,210.1,77220
2026-04-28 09:44:00,24128.3,209.45,210.1,207.0,207.0,69225
2026-04-28 09:45:00,24138.7,206.8,207.0,199.3,200.3,183560
2026-04-28 09:46:00,24145.75,199.5,200.3,194.25,196.0,94380
2026-04-28 09:47:00,24139.7,196.7,200.0,196.0,198.2,54080
2026-04-28 09:48:00,24130.55,198.2,205.0,197.9,202.6,59605
2026-04-28 09:49:00,24120.8,203.1,210.9,202.6,210.9,80015
2026-04-28 09:50:00,24123.9,210.0,210.9,201.85,207.2,81055
2026-04-28 09:51:00,24119.3,207.5,210.0,206.9,209.25,37765
2026-04-28 09:52:00,24117.0,208.85,213.8,208.85,210.0,94055
2026-04-28 09:53:00,24116.4,210.45,212.7,209.0,210.1,50245
2026-04-28 09:54:00,24123.35,209.85,211.55,204.05,204.85,47255
2026-04-28 09:55:00,24138.8,205.25,205.25,196.85,198.3,107770
2026-04-28 09:56:00,24140.25,198.0,200.3,197.0,199.05,30615
2026-04-28 09:57:00,24139.1,198.3,201.05,197.05,198.9,32890
2026-04-28 09:58:00,24147.45,200.5,200.95,195.0,195.05,41795
2026-04-28 09:59:00,24155.3,194.9,197.4,190.5,190.8,75010
2026-04-28 10:00:00,24158.6,190.1,190.8,188.0,189.15,73060
2026-04-28 10:01:00,24162.65,187.2,189.15,186.55,188.0,63440
2026-04-28 10:02:00,24158.55,188.1,190.2,187.0,190.1,48880
2026-04-28 10:03:00,24161.6,189.8,192.0,188.2,188.7,46930
2026-04-28 10:04:00,24155.2,188.3,192.0,188.3,191.8,24440
2026-04-28 10:05:00,24151.85,191.3,194.1,191.2,194.1,48815
2026-04-28 10:06:00,24149.5,194.1,197.3,193.75,195.25,35815
2026-04-28 10:07:00,24158.85,196.1,196.8,190.1,191.4,41015
2026-04-28 10:08:00,24159.55,191.25,192.25,189.7,190.4,38480
2026-04-28 10:09:00,24160.55,190.45,192.0,188.85,191.05,53755
2026-04-28 10:10:00,24159.0,192.0,193.7,190.6,192.35,64025
2026-04-28 10:11:00,24155.85,192.85,194.95,192.0,194.85,19110
2026-04-28 10:12:00,24154.55,194.7,196.0,194.45,195.3,23985
2026-04-28 10:13:00,24147.7,194.45,198.0,194.1,197.65,54470
2026-04-28 10:14:00,24148.3,197.45,197.85,194.6,195.0,33735
2026-04-28 10:15:00,24152.6,196.2,198.45,192.0,192.5,38090
2026-04-28 10:16:00,24161.2,193.15,193.15,189.05,190.9,34970
2026-04-28 10:17:00,24158.3,190.75,194.7,189.6,191.8,14300
2026-04-28 10:18:00,24158.55,191.2,196.0,190.75,190.85,22100
2026-04-28 10:19:00,24157.4,190.1,191.9,190.1,190.5,9295
2026-04-28 10:20:00,24160.3,191.15,193.05,190.5,190.55,9295
2026-04-28 10:21:00,24168.4,190.5,190.6,185.45,185.5,66430
2026-04-28 10:22:00,24173.1,184.75,185.9,183.3,184.65,57070
2026-04-28 10:23:00,24167.45,185.4,188.25,184.65,186.75,29900
2026-04-28 10:24:00,24170.6,186.2,188.0,185.2,186.6,15405
2026-04-28 10:25:00,24176.3,186.0,186.6,183.0,183.0,35230
2026-04-28 10:26:00,24177.85,182.0,184.4,181.65,183.9,36465
2026-04-28 10:27:00,24169.0,184.85,187.55,183.9,187.25,23595
2026-04-28 10:28:00,24165.8,187.6,189.1,187.0,187.0,35685
2026-04-28 10:29:00,24166.8,186.35,188.0,186.0,186.55,17745
2026-04-28 10:30:00,24167.7,186.85,186.9,185.1,185.1,34970
2026-04-28 10:31:00,24159.9,185.85,188.4,185.1,188.4,36075
2026-04-28 10:32:00,24155.9,188.5,190.0,187.8,190.0,32955
2026-04-28 10:33:00,24154.6,190.6,191.0,189.05,189.9,41600
2026-04-28 10:34:00,24152.0,190.45,191.9,189.65,190.35,27560
2026-04-28 10:35:00,24142.1,190.85,197.15,190.35,195.55,70265
2026-04-28 10:36:00,24147.3,195.0,196.75,192.95,192.95,46605
2026-04-28 10:37:00,24137.7,192.4,198.55,192.4,198.5,38675
2026-04-28 10:38:00,24136.25,197.45,198.5,196.2,197.95,45565
2026-04-28 10:39:00,24139.8,197.4,199.0,194.05,195.55,33475
2026-04-28 10:40:00,24136.95,195.9,198.4,195.55,196.4,17550
2026-04-28 10:41:00,24129.8,196.05,201.95,196.05,199.15,64740
2026-04-28 10:42:00,24127.3,199.2,202.0,198.7,200.0,55510
2026-04-28 10:43:00,24132.0,200.3,200.3,196.95,197.35,31785
2026-04-28 10:44:00,24134.85,197.05,200.3,195.05,195.05,39390
2026-04-28 10:45:00,24148.0,195.0,197.1,190.6,190.6,50570
2026-04-28 10:46:00,24151.1,188.65,192.0,188.1,188.55,35750
2026-04-28 10:47:00,24151.85,188.6,191.4,187.35,189.2,30030
2026-04-28 10:48:00,24152.55,189.0,190.3,187.5,189.95,18850
2026-04-28 10:49:00,24150.3,190.2,192.0,188.75,188.75,24245
2026-04-28 10:50:00,24154.6,189.55,189.55,185.6,186.4,39195
2026-04-28 10:51:00,24152.8,187.1,188.45,186.4,187.35,14625
2026-04-28 10:52:00,24153.4,187.25,187.7,185.6,185.6,20280
2026-04-28 10:53:00,24154.85,186.35,186.75,184.2,185.65,18785
2026-04-28 10:54:00,24162.2,185.65,186.15,178.85,180.95,54925
2026-04-28 10:55:00,24168.4,180.6,181.2,177.0,178.0,57525
2026-04-28 10:56:00,24169.95,177.25,178.0,175.95,176.0,53625
2026-04-28 10:57:00,24167.05,176.25,179.7,176.0,179.5,42055
2026-04-28 10:58:00,24170.1,179.0,179.55,177.3,178.25,17615
2026-04-28 10:59:00,24167.8,178.45,179.2,177.55,178.3,15600
2026-04-28 11:00:00,24163.85,178.4,181.7,178.25,180.85,31070
2026-04-28 11:01:00,24161.05,180.4,181.5,179.75,180.75,18850
2026-04-28 11:02:00,24155.65,179.35,183.8,178.85,183.0,59670
2026-04-28 11:03:00,24160.8,183.3,184.0,180.2,180.6,37310
2026-04-28 11:04:00,24161.35,181.0,182.05,180.6,182.0,32370
2026-04-28 11:05:00,24153.15,182.15,186.7,182.0,186.7,27885
2026-04-28 11:06:00,24146.35,186.6,191.0,185.6,189.5,58695
2026-04-28 11:07:00,24138.75,190.7,197.4,189.5,197.3,71760
2026-04-28 11:08:00,24141.1,197.65,197.65,193.1,194.95,53495
2026-04-28 11:09:00,24144.95,194.45,194.95,190.15,190.6,33410
2026-04-28 11:10:00,24144.15,190.8,193.0,190.2,191.3,30290
2026-04-28 11:11:00,24135.2,191.2,197.6,190.6,197.6,32695
2026-04-28 11:12:00,24139.95,197.25,199.65,193.0,193.8,59670
2026-04-28 11:13:00,24147.35,192.85,193.8,190.0,191.2,22425
2026-04-28 11:14:00,24148.0,191.2,191.3,188.35,190.5,22620
2026-04-28 11:15:00,24140.55,190.5,195.3,190.5,195.3,35295
2026-04-28 11:16:00,24132.1,195.55,199.0,193.9,198.75,35230
2026-04-28 11:17:00,24126.65,200.0,200.8,197.75,198.9,64805
2026-04-28 11:18:00,24130.05,197.95,199.65,196.2,199.0,30810
2026-04-28 11:19:00,24127.0,199.25,200.6,198.25,199.0,41665
2026-04-28 11:20:00,24132.25,200.15,200.15,196.0,197.85,41405
2026-04-28 11:21:00,24134.05,197.2,197.85,193.9,196.95,28665
2026-04-28 11:22:00,24130.15,196.4,200.0,195.85,200.0,20150
2026-04-28 11:23:00,24125.75,200.3,205.0,200.0,203.0,79365
2026-04-28 11:24:00,24111.65,203.2,212.5,202.8,211.0,170625
2026-04-28 11:25:00,24095.5,211.8,219.1,211.0,218.0,225810
2026-04-28 11:26:00,24077.35,218.0,228.45,217.5,228.25,248365
2026-04-28 11:27:00,24072.1,226.5,234.95,226.5,234.25,265460
2026-04-28 11:28:00,24065.3,233.85,243.0,233.3,236.65,191230
2026-04-28 11:29:00,24058.0,235.7,241.35,234.45,241.35,101530
2026-04-28 11:30:00,24052.7,242.6,248.8,241.35,245.7,228345
2026-04-28 11:31:00,24063.05,246.2,247.15,235.2,236.35,78585
2026-04-28 11:32:00,24054.6,235.1,240.7,233.0,239.5,65130
2026-04-28 11:33:00,24047.85,238.0,246.4,238.0,244.0,65650
2026-04-28 11:34:00,24059.25,243.1,244.0,235.0,235.0,39130
2026-04-28 11:35:00,24060.35,235.95,236.95,232.4,234.5,44135
2026-04-28 11:36:00,24075.9,233.9,235.15,226.25,226.3,67665
2026-04-28 11:37:00,24075.55,226.4,230.5,225.2,230.0,62335
2026-04-28 11:38:00,24079.45,230.65,234.75,226.15,229.4,69030
2026-04-28 11:39:00,24082.0,228.95,230.35,226.7,227.45,32045
2026-04-28 11:40:00,24082.7,227.1,229.45,223.85,229.45,54860
2026-04-28 11:41:00,24077.5,229.5,230.6,226.95,226.95,61425
2026-04-28 11:42:00,24076.15,227.45,232.15,226.3,230.0,36010
2026-04-28 11:43:00,24077.9,228.55,231.7,227.6,228.0,27430
2026-04-28 11:44:00,24085.4,227.2,228.85,222.35,222.6,34190
2026-04-28 11:45:00,24082.4,222.25,225.95,217.1,225.55,141635
2026-04-28 11:46:00,24083.2,225.75,229.2,223.85,226.2,68055
2026-04-28 11:47:00,24080.4,225.8,230.9,225.45,228.45,39000
2026-04-28 11:48:00,24082.7,229.3,230.0,225.55,226.2,34190
2026-04-28 11:49:00,24085.95,225.9,228.85,223.2,225.35,36660
2026-04-28 11:50:00,24084.95,226.1,229.15,224.75,226.35,34905
2026-04-28 11:51:00,24081.05,225.25,229.0,224.1,229.0,34840
2026-04-28 11:52:00,24073.95,228.3,232.55,226.85,228.9,70590
2026-04-28 11:53:00,24075.7,228.35,232.15,228.1,231.1,28600
2026-04-28 11:54:00,24074.6,230.15,233.95,230.0,232.0,48620
2026-04-28 11:55:00,24071.3,231.45,235.0,229.9,235.0,45695
2026-04-28 11:56:00,24072.55,235.0,236.95,232.45,234.4,58825
2026-04-28 11:57:00,24075.1,210.3,210.45,207.9,208.8,6435
2026-04-28 11:58:00,24063.35,232.65,232.65,232.65,232.65,0
2026-04-28 11:59:00,24056.0,232.65,232.65,232.65,232.65,0
2026-04-28 12:00:00,24049.8,244.15,248.85,232.65,247.9,277745
2026-04-28 12:01:00,24040.9,248.5,250.8,246.95,249.7,121355
2026-04-28 12:02:00,24038.9,249.9,249.9,242.5,244.35,64415
2026-04-28 12:03:00,24044.7,244.0,247.0,242.55,246.1,52585
2026-04-28 12:04:00,24039.5,246.25,251.25,246.1,248.85,70980
2026-04-28 12:05:00,24037.05,248.85,252.1,248.25,252.1,34840
2026-04-28 12:06:00,24031.55,250.6,252.1,247.6,248.9,36920
2026-04-28 12:07:00,24032.35,249.0,249.1,244.35,246.7,47450
2026-04-28 12:08:00,24034.65,246.6,249.35,244.5,246.65,42705
2026-04-28 12:09:00,24035.35,246.8,246.8,243.25,244.35,58435
2026-04-28 12:10:00,24041.2,244.5,247.9,244.35,246.65,25025
2026-04-28 12:11:00,24038.6,246.4,247.0,242.8,243.2,19500
2026-04-28 12:12:00,24041.95,243.7,245.0,242.15,242.95,20670
2026-04-28 12:13:00,24044.95,243.0,243.4,240.0,242.8,34255
2026-04-28 12:14:00,24048.25,243.0,249.75,242.3,242.45,57655
2026-04-28 12:15:00,24051.45,242.45,244.0,241.4,241.6,13910
2026-04-28 12:16:00,24053.45,241.65,243.8,240.0,241.15,15730
2026-04-28 12:17:00,24055.6,241.1,242.6,238.8,241.9,34385
2026-04-28 12:18:00,24053.9,241.7,251.4,241.55,249.85,58565
2026-04-28 12:19:00,24036.0,251.15,252.9,246.8,249.2,43550
2026-04-28 12:20:00,24037.75,224.55,230.85,223.7,230.3,50635
2026-04-28 12:21:00,24024.45,258.4,268.75,257.5,263.7,221910
2026-04-28 12:22:00,24010.7,263.1,265.45,260.2,264.7,71370
2026-04-28 12:23:00,24008.35,263.45,267.0,257.35,259.25,71565
2026-04-28 12:24:00,24017.45,258.2,263.25,256.9,257.9,34710
2026-04-28 12:25:00,24018.0,285.0,285.0,277.7,277.95,27690
2026-04-28 12:26:00,24028.75,225.0,230.85,225.0,229.25,19825
2026-04-28 12:27:00,24024.6,255.75,262.85,255.7,262.8,37440
2026-04-28 12:28:00,24016.15,262.1,264.55,261.45,263.45,30225
2026-04-28 12:29:00,24012.45,264.15,266.7,263.45,266.05,28990
2026-04-28 12:30:00,24005.55,265.9,271.45,265.7,270.35,48685
2026-04-28 12:31:00,23998.5,270.8,274.1,269.4,272.0,42380
2026-04-28 12:32:00,23995.9,272.55,274.0,269.5,273.7,34060
2026-04-28 12:33:00,23993.95,272.5,273.7,263.5,263.5,34060
2026-04-28 12:34:00,24004.25,265.0,265.05,255.8,257.9,42575
2026-04-28 12:35:00,24018.15,256.95,261.2,256.95,258.0,18330
2026-04-28 12:36:00,24016.3,258.3,263.9,258.0,263.15,12415
2026-04-28 12:37:00,24010.1,262.55,263.95,260.7,261.2,12740
2026-04-28 12:38:00,24012.8,260.5,263.3,260.2,261.3,6955
2026-04-28 12:39:00,24007.85,261.2,262.3,258.45,258.45,23985
2026-04-28 12:40:00,24016.05,259.3,260.25,255.3,258.45,14300
2026-04-28 12:41:00,24014.95,258.35,258.9,255.0,256.5,9945
2026-04-28 12:42:00,24021.45,255.3,259.1,255.0,255.0,10075
2026-04-28 12:43:00,24023.5,281.8,283.35,277.65,279.15,5330
2026-04-28 12:44:00,24029.85,251.85,251.85,242.6,242.6,66300
2026-04-28 12:45:00,24037.95,244.15,254.05,242.6,253.25,31070
2026-04-28 12:46:00,24026.9,253.75,257.3,253.0,255.1,54730
2026-04-28 12:47:00,24026.8,254.0,257.9,253.55,254.25,15535
2026-04-28 12:48:00,24025.4,253.5,255.75,249.65,250.55,10270
2026-04-28 12:49:00,24031.45,251.0,252.55,248.9,251.0,13195
2026-04-28 12:50:00,24031.5,251.7,252.75,247.7,247.7,21515
2026-04-28 12:51:00,24039.4,247.8,252.25,247.05,252.25,9490
2026-04-28 12:52:00,24034.4,251.9,254.55,251.1,254.0,28990
2026-04-28 12:53:00,24032.05,228.0,233.25,227.5,231.0,26065
2026-04-28 12:54:00,24022.55,284.8,286.3,280.65,281.2,2470
2026-04-28 12:55:00,24028.8,228.35,237.15,227.4,235.05,20085
2026-04-28 12:56:00,24015.65,259.1,263.6,258.15,262.75,24245
2026-04-28 12:57:00,24014.95,262.45,265.7,262.25,264.8,30550
2026-04-28 12:58:00,24008.15,265.1,266.65,262.6,265.8,28665
2026-04-28 12:59:00,24007.35,265.4,267.75,264.8,264.8,24635
2026-04-28 13:00:00,24003.85,264.65,265.85,259.0,263.05,37050
2026-04-28 13:01:00,24005.7,263.0,263.15,255.85,257.0,24830
2026-04-28 13:02:00,24017.3,284.25,284.25,277.3,278.05,4355
2026-04-28 13:03:00,24025.25,225.8,232.25,222.1,231.3,17225
2026-04-28 13:04:00,24018.2,258.15,258.7,251.0,252.15,18850
2026-04-28 13:05:00,24023.45,251.9,255.85,251.0,254.75,14560
2026-04-28 13:06:00,24023.35,254.15,255.7,250.95,251.6,21450
2026-04-28 13:07:00,24025.0,278.1,278.6,275.3,276.35,2405
2026-04-28 13:08:00,24028.9,249.3,251.3,247.1,250.15,10530
2026-04-28 13:09:00,24030.55,250.8,251.9,248.85,251.9,31785
2026-04-28 13:10:00,24026.95,250.75,251.9,249.4,251.45,9230
2026-04-28 13:11:00,24026.5,252.0,252.0,248.3,249.95,6565
2026-04-28 13:12:00,24027.25,224.2,227.9,223.95,227.6,4485
2026-04-28 13:13:00,24024.55,255.0,258.5,252.85,258.05,23075
2026-04-28 13:14:00,24017.6,258.4,259.95,254.15,254.25,27950
2026-04-28 13:15:00,24022.3,254.0,255.0,251.2,254.45,12350
2026-04-28 13:16:00,24022.3,280.6,282.45,276.4,276.6,2145
2026-04-28 13:17:00,24029.7,248.25,248.8,244.0,246.9,69745
2026-04-28 13:18:00,24034.6,245.4,248.9,245.4,248.9,28080
2026-04-28 13:19:00,24033.95,222.7,229.75,222.0,229.3,16445
2026-04-28 13:20:00,24024.2,281.35,281.7,274.9,274.9,3640
2026-04-28 13:21:00,24032.45,247.8,249.0,245.6,247.7,10400
2026-04-28 13:22:00,24033.1,248.0,248.0,244.0,245.45,20475
2026-04-28 13:23:00,24035.85,245.45,245.6,240.0,240.9,25675
2026-04-28 13:24:00,24041.5,241.35,243.9,240.7,243.9,13130
2026-04-28 13:25:00,24041.9,243.0,248.45,243.0,247.95,22230
2026-04-28 13:26:00,24034.0,246.6,247.95,234.75,235.1,49335
2026-04-28 13:27:00,24047.4,236.55,243.25,235.1,240.8,28730
2026-04-28 13:28:00,24042.65,219.55,226.45,216.2,225.0,28470
2026-04-28 13:29:00,24019.45,249.05,262.8,249.05,259.8,79755
2026-04-28 13:30:00,24005.4,258.15,266.4,256.75,259.8,66950
2026-04-28 13:31:00,24004.3,260.25,262.4,257.9,262.4,27430
2026-04-28 13:32:00,24005.2,263.0,269.0,262.4,266.05,40170
2026-04-28 13:33:00,23997.4,266.8,269.4,265.05,267.75,33800
2026-04-28 13:34:00,23998.9,241.2,253.35,240.6,253.35,79235
2026-04-28 13:35:00,23972.45,312.0,320.3,307.25,307.25,46475
2026-04-28 13:36:00,23976.45,275.65,279.05,270.0,277.55,56420
2026-04-28 13:37:00,23984.8,277.4,279.6,272.35,272.9,46215
2026-04-28 13:38:00,23989.25,275.6,276.35,270.2,273.1,20410
2026-04-28 13:39:00,23992.55,273.2,275.0,263.4,263.4,41925
2026-04-28 13:40:00,24000.65,263.8,265.9,260.2,265.1,54275
2026-04-28 13:41:00,24004.0,265.8,265.9,260.6,263.25,25090
2026-04-28 13:42:00,24008.45,262.4,263.25,258.0,259.85,17290
2026-04-28 13:43:00,24012.0,260.5,267.0,259.6,267.0,32045
2026-04-28 13:44:00,24002.65,266.85,272.0,264.65,266.0,55705
2026-04-28 13:45:00,23999.75,264.7,267.2,261.15,264.0,26715
2026-04-28 13:46:00,24002.85,262.35,266.55,262.35,264.7,10790
2026-04-28 13:47:00,23998.2,264.95,269.7,264.7,269.7,11960
2026-04-28 13:48:00,23994.15,270.0,272.0,268.0,272.0,17420
2026-04-28 13:49:00,23988.8,272.5,274.7,269.05,269.05,23140
2026-04-28 13:50:00,23991.1,269.0,269.05,262.95,263.3,23725
2026-04-28 13:51:00,24007.45,262.95,266.7,262.0,263.35,10660
2026-04-28 13:52:00,24003.15,264.05,264.4,253.55,261.0,69420
2026-04-28 13:53:00,24006.6,260.6,261.8,258.25,259.45,19630
2026-04-28 13:54:00,24010.45,259.0,260.25,251.3,251.3,15145
2026-04-28 13:55:00,24023.75,278.05,280.85,274.25,276.0,5330
2026-04-28 13:56:00,24025.55,224.5,237.05,223.85,236.55,52260
2026-04-28 13:57:00,24000.95,260.05,262.65,253.15,256.3,28210
2026-04-28 13:58:00,24016.55,255.5,258.75,254.55,257.5,44330
2026-04-28 13:59:00,24010.55,258.25,264.0,257.5,263.05,28210
2026-04-28 14:00:00,24001.15,262.75,264.85,260.0,260.0,17030
2026-04-28 14:01:00,24003.4,258.5,261.2,257.5,258.2,28145
2026-04-28 14:02:00,24005.9,258.5,262.85,258.2,260.0,6890
2026-04-28 14:03:00,24004.35,259.1,261.4,256.0,261.35,12675
2026-04-28 14:04:00,24004.2,261.05,267.6,261.05,264.3,28470
2026-04-28 14:05:00,23998.75,265.0,267.0,260.1,260.1,21385
2026-04-28 14:06:00,24006.25,259.0,264.7,258.9,263.7,10790
2026-04-28 14:07:00,24000.25,261.5,264.25,261.4,263.7,5525
2026-04-28 14:08:00,24003.35,262.5,263.7,260.65,262.05,3705
2026-04-28 14:09:00,24007.3,260.85,269.2,260.85,267.65,20995
2026-04-28 14:10:00,23992.65,268.9,274.15,266.5,270.85,48035
2026-04-28 14:11:00,23988.2,272.8,273.75,264.7,264.7,50830
2026-04-28 14:12:00,23992.45,266.25,268.8,264.7,266.2,10660
2026-04-28 14:13:00,23998.2,265.9,273.5,265.9,273.45,12090
2026-04-28 14:14:00,23981.95,273.1,281.0,272.8,277.5,73970
2026-04-28 14:15:00,23975.35,250.55,252.0,248.25,251.4,17355
2026-04-28 14:16:00,23974.75,307.7,307.7,301.05,301.1,2405
2026-04-28 14:17:00,23984.1,273.5,274.4,266.4,268.15,46280
2026-04-28 14:18:00,23996.15,269.25,270.7,266.35,269.15,16965
2026-04-28 14:19:00,23993.35,269.75,270.7,267.25,270.7,8645
2026-04-28 14:20:00,23991.45,272.2,272.2,263.35,264.5,17030
2026-04-28 14:21:00,23996.05,265.15,265.15,258.8,258.8,34450
2026-04-28 14:22:00,24005.85,258.85,261.55,257.45,261.4,12220
2026-04-28 14:23:00,24007.45,261.95,263.85,258.0,260.95,17810
2026-04-28 14:24:00,24004.75,260.75,263.85,258.5,258.5,26650
2026-04-28 14:25:00,24010.4,258.35,263.7,258.0,263.3,24115
2026-04-28 14:26:00,23999.4,263.75,265.7,260.3,264.55,18395
2026-04-28 14:27:00,23998.25,264.0,265.0,262.0,264.8,12870
2026-04-28 14:28:00,23995.5,263.85,265.6,258.25,260.95,23335
2026-04-28 14:29:00,23997.4,260.3,260.95,250.05,250.95,37375
2026-04-28 14:30:00,24020.25,278.85,279.1,269.35,269.35,6760
2026-04-28 14:31:00,24033.3,218.55,223.15,217.8,220.0,36010
2026-04-28 14:32:00,24022.65,272.8,273.65,268.7,272.4,4160
2026-04-28 14:33:00,24027.9,219.2,227.95,218.7,225.0,19695
2026-04-28 14:34:00,24008.85,251.0,253.0,245.8,248.5,25415
2026-04-28 14:35:00,24018.7,249.05,251.0,245.1,248.85,13910
2026-04-28 14:36:00,24020.9,275.05,276.95,273.1,274.25,2080
2026-04-28 14:37:00,24026.45,221.75,222.6,220.0,222.0,6695
2026-04-28 14:38:00,24023.5,247.4,247.4,243.25,246.05,23400
2026-04-28 14:39:00,24023.6,272.8,272.9,271.55,271.55,585
2026-04-28 14:40:00,24027.25,220.45,225.0,219.8,223.0,15080
2026-04-28 14:41:00,24023.0,248.45,251.0,248.2,250.5,12805
2026-04-28 14:42:00,24018.45,250.2,252.3,248.5,250.1,21515
2026-04-28 14:43:00,24016.4,278.0,279.25,268.8,270.0,5460
2026-04-28 14:44:00,24032.2,241.8,251.55,241.8,246.8,27820
2026-04-28 14:45:00,24026.3,247.1,248.35,243.35,244.9,18005
2026-04-28 14:46:00,24030.85,244.3,246.9,244.0,244.0,14300
2026-04-28 14:47:00,24031.8,243.7,244.0,238.3,239.4,38415
2026-04-28 14:48:00,24038.8,239.5,243.05,239.4,241.8,26260
2026-04-28 14:49:00,24037.05,241.95,243.55,238.1,238.1,11700
2026-04-28 14:50:00,24041.9,238.6,242.25,237.6,242.25,19500
2026-04-28 14:51:00,24037.3,241.0,245.7,239.7,240.6,29120
2026-04-28 14:52:00,24035.95,240.85,241.65,238.55,239.8,14625
2026-04-28 14:53:00,24040.25,238.35,240.95,237.4,238.2,31590
2026-04-28 14:54:00,24044.35,238.05,241.6,238.0,238.0,21385
2026-04-28 14:55:00,24040.45,237.2,240.5,237.2,238.55,17355
2026-04-28 14:56:00,24039.8,239.05,245.75,238.55,241.4,30940
2026-04-28 14:57:00,24032.0,240.95,241.4,234.5,236.6,33280
2026-04-28 14:58:00,24042.85,237.2,239.5,232.1,237.1,38350
2026-04-28 14:59:00,24039.15,207.95,217.0,207.95,216.25,99320
2026-04-28 15:00:00,24022.35,244.9,250.35,244.0,250.35,100490
2026-04-28 15:01:00,24008.6,250.7,254.45,249.9,253.2,87880
2026-04-28 15:02:00,23996.45,253.4,256.0,250.5,251.4,58565
2026-04-28 15:03:00,24000.65,250.75,260.8,250.4,255.9,86450
2026-04-28 15:04:00,24002.15,256.2,256.25,250.6,254.95,48555
2026-04-28 15:05:00,24010.2,254.75,259.9,254.1,259.2,40365
2026-04-28 15:06:00,23998.5,259.85,265.0,259.2,262.3,82030
2026-04-28 15:07:00,23990.1,263.85,266.3,262.3,263.85,50310
2026-04-28 15:08:00,23987.5,265.0,269.15,263.85,268.9,48685
2026-04-28 15:09:00,23979.55,268.8,273.2,267.85,270.25,86320
2026-04-28 15:10:00,23976.6,242.0,244.85,240.4,243.2,18005
2026-04-28 15:11:00,23972.6,271.65,274.05,270.1,272.1,73125
2026-04-28 15:12:00,23972.6,272.35,273.9,271.5,271.65,82030
2026-04-28 15:13:00,23970.15,271.4,273.65,270.8,272.6,56680
2026-04-28 15:14:00,23972.45,272.0,275.0,271.85,273.65,32630
2026-04-28 15:15:00,23969.55,274.85,276.0,271.8,271.8,31070
2026-04-28 15:16:00,23971.2,272.95,275.75,271.8,273.45,37570
2026-04-28 15:17:00,23964.95,273.9,276.95,273.35,276.4,41795
2026-04-28 15:18:00,23965.3,275.2,276.4,269.45,271.25,60320
2026-04-28 15:19:00,23968.45,271.95,272.95,271.05,271.05,31720
2026-04-28 15:20:00,23967.3,271.05,274.1,270.05,273.3,49855
2026-04-28 15:21:00,23969.05,273.5,274.6,272.75,273.8,29380
2026-04-28 15:22:00,23968.5,273.7,273.8,269.0,270.05,28275
2026-04-28 15:23:00,23973.15,299.8,299.8,296.4,296.4,5915
2026-04-28 15:24:00,23981.05,268.6,268.9,257.6,258.75,149890
2026-04-28 15:25:00,23999.25,258.1,258.75,255.25,257.45,33865
2026-04-28 15:26:00,23998.85,257.35,257.45,255.35,256.0,28405
2026-04-28 15:27:00,24005.1,256.35,260.0,255.75,259.3,79235
2026-04-28 15:28:00,24011.15,259.05,259.85,255.0,258.7,51090
2026-04-28 15:29:00,24016.5,340.9,345.55,335.0,335.0,12480
2026-04-28 15:30:00,24013.95,337.65,337.65,327.95,329.25,4745
2026-04-28 15:31:00,23995.7,326.05,334.85,326.05,331.9,7020
2026-04-28 15:32:00,23995.7,329.35,345.9,329.35,345.9,5655
2026-04-28 15:33:00,23995.7,344.35,353.55,339.85,339.85,5655
2026-04-28 15:34:00,23995.7,337.4,339.85,319.3,319.6,10660
2026-04-28 15:35:00,23995.7,320.6,332.35,319.6,327.75,4940
2026-04-28 15:36:00,23995.7,327.15,337.0,325.0,333.95,15275
2026-04-28 15:37:00,23995.7,311.65,325.0,307.75,325.0,3315
2026-04-28 15:38:00,23995.7,350.6,353.55,344.0,344.0,4745
2026-04-28 15:39:00,23995.7,321.85,324.75,317.75,320.1,910
2026-04-30 09:15:00,23976.3,208.0,248.8,208.0,243.15,1234675
2026-04-30 09:16:00,23951.2,244.1,260.8,243.15,259.85,808730
2026-04-30 09:17:00,23966.25,263.35,265.6,255.4,258.7,333060
2026-04-30 09:18:00,23962.45,257.5,263.0,254.95,260.8,206245
2026-04-30 09:19:00,23945.25,259.8,275.2,259.5,272.65,411255
2026-04-30 09:20:00,23921.45,271.4,293.85,270.5,291.0,433875
2026-04-30 09:21:00,23900.8,291.2,311.4,290.3,310.45,364130
2026-04-30 09:22:00,23894.75,310.6,322.2,308.75,313.6,363350
2026-04-30 09:23:00,23893.85,308.95,313.6,296.7,308.85,273325
2026-04-30 09:24:00,23900.8,309.3,311.55,297.25,302.1,121485
2026-04-30 09:25:00,23897.3,303.7,309.35,298.25,302.2,133575
2026-04-30 09:26:00,23901.7,302.15,307.85,300.95,303.55,73775
2026-04-30 09:27:00,23887.6,302.6,319.5,302.6,313.45,182715
2026-04-30 09:28:00,23885.7,312.85,317.8,304.9,314.55,109655
2026-04-30 09:29:00,23876.95,314.45,320.4,312.45,318.0,133575
2026-04-30 09:30:00,23872.5,320.35,324.0,316.05,317.5,164060
2026-04-30 09:31:00,23883.8,317.55,318.55,309.5,312.1,133380
2026-04-30 09:32:00,23909.9,308.0,312.1,295.85,299.3,182975
2026-04-30 09:33:00,23908.6,298.65,306.9,297.65,298.75,119730
2026-04-30 09:34:00,23918.75,299.5,306.45,291.6,291.6,128245
2026-04-30 09:35:00,23912.9,294.45,302.0,287.95,296.25,149370
2026-04-30 09:36:00,23911.95,295.85,311.15,295.85,297.5,171275
2026-04-30 09:37:00,23902.5,296.85,306.0,296.1,304.8,75855
2026-04-30 09:38:00,23913.75,305.25,307.95,294.0,299.2,77415
2026-04-30 09:39:00,23908.95,298.0,302.3,293.45,300.5,71240
2026-04-30 09:40:00,23901.7,304.75,311.95,300.45,304.95,88985
2026-04-30 09:41:00,23919.05,303.65,306.1,292.55,295.35,66690
2026-04-30 09:42:00,23934.9,295.05,298.0,282.6,282.6,123760
2026-04-30 09:43:00,23935.0,283.8,288.15,282.15,283.15,108615
2026-04-30 09:44:00,23937.8,284.05,289.05,280.4,282.0,122005
2026-04-30 09:45:00,23941.0,280.75,285.8,276.35,283.8,128180
2026-04-30 09:46:00,23950.05,281.95,283.8,273.45,275.85,114985
2026-04-30 09:47:00,23932.8,276.75,289.0,275.6,289.0,99125
2026-04-30 09:48:00,23923.9,289.1,296.45,289.0,294.2,189020
2026-04-30 09:49:00,23920.55,295.0,300.15,292.0,295.75,143325
2026-04-30 09:50:00,23913.35,295.65,306.9,295.0,300.25,111280
2026-04-30 09:51:00,23915.25,301.5,309.8,296.9,296.9,132470
2026-04-30 09:52:00,23911.75,297.2,303.85,291.7,301.2,94120
2026-04-30 09:53:00,23914.15,302.0,302.15,295.0,301.75,44070
2026-04-30 09:54:00,23905.15,301.0,308.45,297.35,308.05,64545
2026-04-30 09:55:00,23902.55,309.15,310.0,304.0,306.0,106860
2026-04-30 09:56:00,23892.2,305.55,315.0,302.9,314.05,109785
2026-04-30 09:57:00,23886.8,316.7,319.1,313.4,318.15,118885
2026-04-30 09:58:00,23881.95,318.4,325.95,317.6,323.5,162305
2026-04-30 09:59:00,23880.2,321.35,324.85,317.0,322.2,84890
2026-04-30 10:00:00,23862.85,324.15,339.85,322.2,335.6,190645
2026-04-30 10:01:00,23861.4,337.0,345.0,335.6,339.0,144170
2026-04-30 10:02:00,23858.05,338.4,342.8,334.35,342.8,61620
2026-04-30 10:03:00,23858.9,342.75,346.4,339.25,341.85,71825
2026-04-30 10:04:00,23849.6,341.75,352.1,341.75,348.85,96330
2026-04-30 10:05:00,23858.4,350.9,356.1,341.15,343.65,135525
2026-04-30 10:06:00,23860.65,343.2,347.75,341.85,343.8,38025
2026-04-30 10:07:00,23856.35,342.55,344.7,337.05,344.6,42185
2026-04-30 10:08:00,23848.65,345.35,352.0,344.6,348.25,51935
2026-04-30 10:09:00,23842.15,350.45,359.85,347.0,351.55,61750
2026-04-30 10:10:00,23839.05,352.8,356.65,350.05,353.4,27950
2026-04-30 10:11:00,23834.4,352.55,359.6,351.0,356.85,59670
2026-04-30 10:12:00,23830.4,358.55,364.45,356.85,360.45,46995
2026-04-30 10:13:00,23829.85,360.2,363.45,357.85,360.6,33410
2026-04-30 10:14:00,23828.6,359.85,365.95,357.65,360.95,35360
2026-04-30 10:15:00,23831.35,362.2,366.45,355.4,356.4,48880
2026-04-30 10:16:00,23826.35,357.25,363.6,354.1,363.6,32305
2026-04-30 10:17:00,23810.05,367.0,387.25,363.6,382.0,134095
2026-04-30 10:18:00,23820.1,383.3,383.75,370.7,370.7,54795
2026-04-30 10:19:00,23838.45,368.0,370.7,357.8,363.35,133055
2026-04-30 10:20:00,23834.25,362.85,370.6,358.3,365.0,32175
2026-04-30 10:21:00,23841.9,362.9,365.0,358.5,362.8,25025
2026-04-30 10:22:00,23833.9,360.6,368.05,357.3,365.25,51025
2026-04-30 10:23:00,23824.15,364.35,370.8,363.3,368.8,19045
2026-04-30 10:24:00,23821.05,368.55,379.25,368.55,371.6,42705
2026-04-30 10:25:00,23819.7,371.0,377.05,366.05,371.1,57460
2026-04-30 10:26:00,23816.55,371.35,376.05,370.0,375.65,15145
2026-04-30 10:27:00,23831.05,374.95,375.65,361.7,361.7,16705
2026-04-30 10:28:00,23826.0,362.1,368.6,361.7,366.9,14560
2026-04-30 10:29:00,23827.6,366.6,369.45,364.45,366.9,11180
2026-04-30 10:30:00,23834.35,369.0,369.0,358.9,360.15,14885
2026-04-30 10:31:00,23836.65,358.6,362.9,356.1,357.6,13845
2026-04-30 10:32:00,23829.9,359.15,361.3,356.55,360.9,20345
2026-04-30 10:33:00,23832.85,361.35,362.5,357.95,360.6,13975
2026-04-30 10:34:00,23834.95,361.25,369.1,358.4,358.4,29835
2026-04-30 10:35:00,23843.4,358.2,361.2,349.1,350.3,37505
2026-04-30 10:36:00,23843.15,352.4,355.95,348.95,352.5,19825
2026-04-30 10:37:00,23844.4,353.65,359.55,349.7,351.35,27040
2026-04-30 10:38:00,23844.75,348.7,351.85,346.0,351.85,17030
2026-04-30 10:39:00,23851.75,350.45,351.85,342.7,343.75,15925
2026-04-30 10:40:00,23850.6,344.1,347.9,341.05,347.9,21710
2026-04-30 10:41:00,23841.95,346.75,352.45,344.25,352.3,34320
2026-04-30 10:42:00,23833.9,353.45,357.25,349.8,355.6,43875
2026-04-30 10:43:00,23837.7,359.15,361.2,351.3,351.75,23660
2026-04-30 10:44:00,23843.7,353.1,353.1,344.8,351.4,20540
2026-04-30 10:45:00,23821.75,349.9,365.0,349.3,363.75,38870
2026-04-30 10:46:00,23821.5,365.3,368.7,359.45,368.7,39455
2026-04-30 10:47:00,23820.6,368.8,370.7,363.5,369.2,24310
2026-04-30 10:48:00,23820.95,368.8,370.3,366.0,368.5,19305
2026-04-30 10:49:00,23818.6,367.6,372.4,366.85,371.7,46020
2026-04-30 10:50:00,23813.55,371.1,380.0,371.1,376.6,52520
2026-04-30 10:51:00,23823.55,374.8,376.6,367.2,369.35,34385
2026-04-30 10:52:00,23808.85,369.6,378.5,365.5,378.5,19565
2026-04-30 10:53:00,23817.35,378.7,378.7,372.95,374.0,17810
2026-04-30 10:54:00,23811.7,374.85,382.0,374.0,379.35,27885
2026-04-30 10:55:00,23804.8,378.0,387.65,377.85,385.0,30290
2026-04-30 10:56:00,23800.85,387.55,394.55,385.0,394.55,36465
2026-04-30 10:57:00,23812.2,396.25,396.25,379.9,379.9,54535
2026-04-30 10:58:00,23816.5,381.05,384.6,376.4,380.05,28340
2026-04-30 10:59:00,23815.85,379.2,382.15,377.65,379.05,7540
2026-04-30 11:00:00,23821.85,379.5,379.5,369.05,370.1,18915
2026-04-30 11:01:00,23822.75,370.1,374.4,369.05,369.05,7735
2026-04-30 11:02:00,23824.25,370.85,370.85,365.6,367.7,17160
2026-04-30 11:03:00,23818.9,368.6,371.35,365.4,370.45,8385
2026-04-30 11:04:00,23815.2,370.0,377.2,370.0,374.0,16640
2026-04-30 11:05:00,23818.7,374.05,374.7,366.2,366.95,27235
2026-04-30 11:06:00,23828.3,366.95,366.95,362.55,363.0,8905
2026-04-30 11:07:00,23826.5,363.85,366.55,358.8,366.55,10985
2026-04-30 11:08:00,23815.35,366.5,371.95,366.5,370.4,11440
2026-04-30 11:09:00,23826.2,371.95,372.25,361.2,361.85,9555
2026-04-30 11:10:00,23821.15,361.45,364.2,359.15,360.95,12155
2026-04-30 11:11:00,23815.45,365.05,370.8,360.95,370.8,4420
2026-04-30 11:12:00,23813.1,372.0,373.95,369.3,370.2,16705
2026-04-30 11:13:00,23808.4,371.2,379.3,370.2,376.75,30160
2026-04-30 11:14:00,23799.9,377.4,382.0,376.75,381.9,42900
2026-04-30 11:15:00,23804.6,383.0,386.8,375.9,375.9,40430
2026-04-30 11:16:00,23815.8,375.95,377.8,368.7,368.7,31980
2026-04-30 11:17:00,23811.5,367.65,376.5,365.25,374.9,24115
2026-04-30 11:18:00,23810.75,375.25,378.25,372.4,378.25,12675
2026-04-30 11:19:00,23808.65,375.45,378.25,374.0,376.8,4420
2026-04-30 11:20:00,23800.9,380.0,381.6,374.15,381.4,9230
2026-04-30 11:21:00,23807.6,383.0,383.95,374.35,374.35,11765
2026-04-30 11:22:00,23805.0,376.65,380.0,374.35,379.95,7410
2026-04-30 11:23:00,23804.1,379.95,381.25,374.45,381.0,3770
2026-04-30 11:24:00,23807.7,381.6,383.25,376.5,376.55,9035
2026-04-30 11:25:00,23812.75,375.0,376.75,369.6,371.9,13260
2026-04-30 11:26:00,23817.75,372.85,372.85,368.0,368.45,7280
2026-04-30 11:27:00,23819.45,367.0,369.25,366.3,368.25,9945
2026-04-30 11:28:00,23816.4,370.55,374.2,366.6,366.6,10920
2026-04-30 11:29:00,23831.65,366.4,369.05,357.05,359.25,32175
2026-04-30 11:30:00,23827.75,361.1,364.2,358.45,362.7,24570
2026-04-30 11:31:00,23831.2,364.0,366.5,358.4,359.7,7540
2026-04-30 11:32:00,23823.1,360.9,366.8,358.0,366.5,19565
2026-04-30 11:33:00,23836.5,365.8,367.4,354.0,355.25,11245
2026-04-30 11:34:00,23838.05,356.0,358.6,353.2,354.95,16770
2026-04-30 11:35:00,23847.45,355.25,355.5,347.45,348.8,33085
2026-04-30 11:36:00,23851.6,349.6,349.6,341.6,344.0,29445
2026-04-30 11:37:00,23844.75,346.0,351.2,343.7,351.1,24895
2026-04-30 11:38:00,23834.1,352.9,358.0,349.9,357.85,90155
2026-04-30 11:39:00,23846.4,357.95,359.05,346.25,350.5,16315
2026-04-30 11:40:00,23838.4,349.6,361.65,349.3,356.95,27430
2026-04-30 11:41:00,23841.65,356.1,359.9,353.35,354.25,9880
2026-04-30 11:42:00,23844.0,355.2,360.6,348.2,349.0,21125
2026-04-30 11:43:00,23837.2,349.05,355.9,346.0,355.5,8775
2026-04-30 11:44:00,23835.65,354.0,356.95,350.7,356.95,6760
2026-04-30 11:45:00,23835.15,358.0,359.8,356.0,359.0,64935
2026-04-30 11:46:00,23841.65,357.45,359.0,349.1,354.65,12025
2026-04-30 11:47:00,23840.7,354.75,357.0,350.3,350.75,9685
2026-04-30 11:48:00,23840.75,352.0,355.6,347.95,348.9,6370
2026-04-30 11:49:00,23846.8,349.6,350.15,345.55,347.15,11245
2026-04-30 11:50:00,23843.0,347.45,349.6,343.35,347.15,17875
2026-04-30 11:51:00,23840.5,348.0,351.8,347.15,348.45,11505
2026-04-30 11:52:00,23827.25,350.0,363.15,348.45,363.15,32760
2026-04-30 11:53:00,23831.9,363.3,363.3,356.7,361.0,33215
2026-04-30 11:54:00,23834.45,362.55,363.2,353.0,353.85,13845
2026-04-30 11:55:00,23836.2,355.0,356.85,349.45,351.3,27625
2026-04-30 11:56:00,23837.0,348.7,353.4,343.55,353.4,18980
2026-04-30 11:57:00,23839.2,354.2,355.0,347.4,350.7,9815
2026-04-30 11:58:00,23842.65,350.95,351.9,346.0,347.35,3640
2026-04-30 11:59:00,23842.55,346.5,348.1,344.2,347.7,11895
2026-04-30 12:00:00,23837.55,346.2,352.0,343.9,352.0,8580
2026-04-30 12:01:00,23830.85,353.2,354.35,346.2,352.95,66040
2026-04-30 12:02:00,23836.9,351.15,352.95,339.8,342.1,19110
2026-04-30 12:03:00,23841.1,343.0,345.0,335.65,339.25,32435
2026-04-30 12:04:00,23843.5,340.0,340.1,329.8,335.0,83265
2026-04-30 12:05:00,23846.0,335.4,335.45,329.4,333.65,18265
2026-04-30 12:06:00,23858.95,333.4,333.75,320.0,320.25,68250
2026-04-30 12:07:00,23856.65,321.7,324.25,318.0,324.25,38155
2026-04-30 12:08:00,23852.0,326.15,333.15,324.0,329.45,41080
2026-04-30 12:09:00,23868.3,328.0,329.45,311.6,318.85,52910
2026-04-30 12:10:00,23870.4,316.7,322.15,315.65,316.3,34840
2026-04-30 12:11:00,23869.85,316.5,316.55,312.5,314.0,14105
2026-04-30 12:12:00,23862.1,314.1,320.55,313.0,320.5,37960
2026-04-30 12:13:00,23874.8,320.55,323.05,310.45,312.7,65780
2026-04-30 12:14:00,23899.75,312.85,312.85,293.7,294.15,78585
2026-04-30 12:15:00,23895.0,293.45,302.6,287.5,298.15,108420
2026-04-30 12:16:00,23894.65,299.55,305.0,297.2,301.65,30160
2026-04-30 12:17:00,23889.0,301.5,306.0,300.65,305.75,21060
2026-04-30 12:18:00,23892.75,306.2,307.1,302.5,303.0,33215
2026-04-30 12:19:00,23882.15,302.6,310.5,301.2,309.6,21840
2026-04-30 12:20:00,23880.2,311.0,314.35,308.55,311.95,52650
2026-04-30 12:21:00,23897.0,313.0,315.65,298.3,299.05,51805
2026-04-30 12:22:00,23898.75,298.4,302.2,290.05,293.95,44395
2026-04-30 12:23:00,23900.2,291.95,294.0,285.6,294.0,51285
2026-04-30 12:24:00,23911.6,295.0,295.0,284.75,287.6,32370
2026-04-30 12:25:00,23914.2,287.0,287.6,281.45,281.45,58760
2026-04-30 12:26:00,23904.05,281.5,289.45,279.2,289.45,47905
2026-04-30 12:27:00,23908.25,288.45,289.45,282.55,288.5,28340
2026-04-30 12:28:00,23905.85,288.4,289.55,285.3,288.8,14885
2026-04-30 12:29:00,23911.45,289.8,290.8,279.95,284.1,30160
2026-04-30 12:30:00,23912.15,283.6,289.0,281.65,285.4,22750
2026-04-30 12:31:00,23905.65,286.3,291.75,285.4,289.1,30225
2026-04-30 12:32:00,23899.8,288.95,303.0,288.95,298.55,50765
2026-04-30 12:33:00,23909.05,297.85,298.55,287.1,289.5,21840
2026-04-30 12:34:00,23915.05,288.9,292.55,286.25,288.35,16705
2026-04-30 12:35:00,23906.25,287.6,294.8,285.0,294.05,30290
2026-04-30 12:36:00,23903.7,294.5,295.0,290.4,292.8,23985
2026-04-30 12:37:00,23894.9,293.7,299.65,292.45,295.7,26325
2026-04-30 12:38:00,23903.2,295.6,296.0,290.0,295.9,15730
2026-04-30 12:39:00,23904.95,294.85,296.5,287.75,289.85,12935
2026-04-30 12:40:00,23901.8,290.15,292.0,286.5,292.0,15275
2026-04-30 12:41:00,23905.8,292.25,292.25,287.55,291.35,22490
2026-04-30 12:42:00,23913.1,292.0,292.6,282.9,286.4,25935
2026-04-30 12:43:00,23908.65,286.2,291.2,286.2,289.0,13390
2026-04-30 12:44:00,23912.95,292.35,292.4,283.9,285.8,21255
2026-04-30 12:45:00,23913.55,284.95,288.25,284.8,285.8,10855
2026-04-30 12:46:00,23929.05,284.85,285.8,272.1,272.1,64545
2026-04-30 12:47:00,23921.75,269.5,280.6,269.1,280.4,108030
2026-04-30 12:48:00,23921.35,279.2,282.9,278.15,279.95,44655
2026-04-30 12:49:00,23926.8,279.6,279.95,274.4,275.75,30095
2026-04-30 12:50:00,23927.45,275.85,276.55,273.0,275.65,23855
2026-04-30 12:51:00,23921.9,274.1,278.4,272.55,276.55,17095
2026-04-30 12:52:00,23922.65,277.3,280.95,275.6,278.05,32890
2026-04-30 12:53:00,23921.95,277.5,280.0,275.05,276.15,16900
2026-04-30 12:54:00,23932.1,274.8,276.85,271.65,271.95,34125
2026-04-30 12:55:00,23927.95,272.25,276.15,270.0,274.35,28275
2026-04-30 12:56:00,23929.05,275.3,276.75,272.0,272.0,32565
2026-04-30 12:57:00,23939.95,274.0,274.35,264.2,268.05,80860
2026-04-30 12:58:00,23934.4,267.8,272.15,266.35,272.15,47580
2026-04-30 12:59:00,23936.85,271.0,272.15,267.6,269.45,21060
2026-04-30 13:00:00,23939.85,268.85,269.45,266.0,268.45,31135
2026-04-30 13:01:00,23939.45,268.0,272.8,266.1,269.5,30550
2026-04-30 13:02:00,23930.2,271.6,278.1,269.5,276.05,48945
2026-04-30 13:03:00,23931.5,276.15,278.9,273.05,274.4,30030
2026-04-30 13:04:00,23927.75,274.9,279.65,273.55,278.4,14105
2026-04-30 13:05:00,23913.0,279.3,289.5,278.4,289.3,91390
2026-04-30 13:06:00,23918.55,291.1,291.5,279.2,284.25,52650
2026-04-30 13:07:00,23922.0,285.75,287.6,278.75,278.75,22685
2026-04-30 13:08:00,23936.6,278.7,280.0,271.65,274.2,40170
2026-04-30 13:09:00,23940.45,272.75,274.2,267.25,267.25,28730
2026-04-30 13:10:00,23937.45,266.5,271.95,266.0,269.5,24180
2026-04-30 13:11:00,23948.25,269.9,269.9,258.4,262.3,82290
2026-04-30 13:12:00,23951.3,263.9,264.15,255.6,255.7,37440
2026-04-30 13:13:00,23949.9,255.55,258.3,253.65,257.9,37895
2026-04-30 13:14:00,23950.15,254.5,257.9,253.1,256.1,37960
2026-04-30 13:15:00,23951.15,256.8,258.35,253.0,253.95,94770
2026-04-30 13:16:00,23943.55,254.2,263.1,253.6,262.65,64155
2026-04-30 13:17:00,23942.05,263.0,265.6,260.8,264.6,49595
2026-04-30 13:18:00,23946.8,264.85,265.0,259.15,261.7,25220
2026-04-30 13:19:00,23940.1,261.7,266.45,261.7,266.45,33735
2026-04-30 13:20:00,23950.6,265.8,267.3,260.6,262.1,36205
2026-04-30 13:21:00,23961.35,259.6,262.1,252.6,253.0,65910
2026-04-30 13:22:00,23958.65,253.95,256.35,251.0,256.35,26000
2026-04-30 13:23:00,23969.65,256.55,258.0,241.35,244.45,90805
2026-04-30 13:24:00,23968.0,241.8,247.9,238.35,246.6,112710
2026-04-30 13:25:00,23961.0,245.65,252.15,245.25,247.95,67275
2026-04-30 13:26:00,23971.7,248.95,248.95,242.75,242.95,45695
2026-04-30 13:27:00,23974.5,239.25,242.95,236.45,240.0,76505
2026-04-30 13:28:00,23970.15,240.6,243.1,235.65,243.1,72280
2026-04-30 13:29:00,23971.15,242.85,245.95,240.6,244.4,43420
2026-04-30 13:30:00,23973.05,243.95,245.0,239.2,241.95,27625
2026-04-30 13:31:00,23966.95,241.4,245.65,238.15,245.3,31070
2026-04-30 13:32:00,23965.55,245.35,248.55,243.0,245.5,52650
2026-04-30 13:33:00,23977.75,245.7,245.7,238.4,238.4,40885
2026-04-30 13:34:00,23973.85,238.2,239.15,234.5,237.7,52520
2026-04-30 13:35:00,23990.15,237.9,239.0,227.6,230.6,112190
2026-04-30 13:36:00,23996.15,231.4,232.15,224.75,225.0,97305
2026-04-30 13:37:00,23990.45,225.35,231.3,223.8,230.05,75205
2026-04-30 13:38:00,23988.6,229.95,234.75,229.5,231.75,56550
2026-04-30 13:39:00,23977.8,230.65,236.7,230.65,236.4,71890
2026-04-30 13:40:00,23989.7,236.15,236.85,228.9,230.9,74165
2026-04-30 13:41:00,24008.8,228.0,230.85,217.0,220.65,149500
2026-04-30 13:42:00,24010.85,220.95,221.55,217.85,220.2,72540
2026-04-30 13:43:00,24019.3,220.1,220.75,215.1,216.2,70590
2026-04-30 13:44:00,24029.8,215.65,216.85,208.8,209.4,167765
2026-04-30 13:45:00,24027.3,209.35,214.55,203.35,212.1,256750
2026-04-30 13:46:00,24028.9,212.4,213.8,206.8,212.45,153075
2026-04-30 13:47:00,24033.4,213.0,213.25,207.55,209.85,94900
2026-04-30 13:48:00,24033.3,209.0,211.65,205.85,209.8,112970
2026-04-30 13:49:00,24039.2,209.8,209.8,205.15,205.35,105885
2026-04-30 13:50:00,24031.25,205.1,210.9,204.0,210.6,177320
2026-04-30 13:51:00,24018.9,210.75,217.35,210.55,217.3,173615
2026-04-30 13:52:00,24020.95,218.0,219.6,211.55,215.15,154375
2026-04-30 13:53:00,24013.45,215.8,217.5,213.0,217.5,91910
2026-04-30 13:54:00,24033.95,218.85,218.85,210.75,211.4,115310
2026-04-30 13:55:00,24042.25,210.9,211.4,201.3,205.6,203905
2026-04-30 13:56:00,24047.05,206.35,206.5,201.8,202.7,118105
2026-04-30 13:57:00,24041.2,202.4,205.0,200.0,204.7,104585
2026-04-30 13:58:00,24059.15,203.4,204.7,194.0,194.0,180700
2026-04-30 13:59:00,24055.05,193.4,195.85,192.85,194.3,195975
2026-04-30 14:00:00,24046.3,195.35,202.1,193.8,200.8,167440
2026-04-30 14:01:00,24037.7,200.6,205.15,196.5,205.0,133575
2026-04-30 14:02:00,24043.1,205.45,205.45,200.75,203.8,118690
2026-04-30 14:03:00,24049.2,203.3,204.0,200.5,202.1,154570
2026-04-30 14:04:00,24038.2,201.55,207.9,201.55,206.25,139945
2026-04-30 14:05:00,24024.95,206.55,215.3,206.25,214.65,320255
2026-04-30 14:06:00,24024.75,216.0,218.45,213.25,214.0,203645
2026-04-30 14:07:00,24021.85,213.8,217.7,212.35,217.7,94120
2026-04-30 14:08:00,24022.6,218.2,220.5,213.9,215.2,155740
2026-04-30 14:09:00,24043.9,214.85,217.3,207.2,207.6,157820
2026-04-30 14:10:00,24040.75,206.75,211.65,205.5,210.25,148265
2026-04-30 14:11:00,24036.55,210.85,216.65,210.25,212.0,101010
2026-04-30 14:12:00,24033.15,211.95,215.0,209.2,214.0,92495
2026-04-30 14:13:00,24024.5,213.4,216.2,208.1,215.85,91520
2026-04-30 14:14:00,24022.85,216.85,219.45,214.45,215.55,142935
2026-04-30 14:15:00,24026.2,213.75,216.1,212.9,213.6,92105
2026-04-30 14:16:00,24028.2,213.95,215.95,210.45,212.6,83330
2026-04-30 14:17:00,24015.15,213.9,219.55,212.6,218.75,140725
2026-04-30 14:18:00,24005.8,220.5,226.2,218.75,223.15,285675
2026-04-30 14:19:00,23997.0,221.6,228.55,220.75,227.35,213655
2026-04-30 14:20:00,24004.3,226.9,228.8,223.15,224.35,133185
2026-04-30 14:21:00,23993.5,223.2,231.6,223.05,231.0,191750
2026-04-30 14:22:00,23993.45,231.7,234.5,230.25,231.4,174590
2026-04-30 14:23:00,24015.35,231.5,233.75,220.9,220.9,201630
2026-04-30 14:24:00,24011.9,223.25,223.3,218.85,223.3,125970
2026-04-30 14:25:00,24006.15,222.6,227.8,220.65,226.9,119470
2026-04-30 14:26:00,24005.25,228.0,231.45,224.6,228.95,109200
2026-04-30 14:27:00,23994.5,228.45,236.1,226.05,232.4,125125
2026-04-30 14:28:00,23998.2,232.05,236.55,230.0,230.0,126165
2026-04-30 14:29:00,24007.15,229.0,231.4,223.35,225.85,178880
2026-04-30 14:30:00,24006.2,225.05,226.0,221.6,225.8,169650
2026-04-30 14:31:00,24024.55,224.4,225.8,214.65,214.65,192660
2026-04-30 14:32:00,24016.2,214.65,219.15,213.8,217.25,152620
2026-04-30 14:33:00,24027.4,217.95,222.25,214.4,215.1,97695
2026-04-30 14:34:00,24034.6,214.8,215.1,206.05,208.0,172835
2026-04-30 14:35:00,24037.5,208.2,208.2,202.15,203.45,158470
2026-04-30 14:36:00,24047.25,205.1,207.05,200.0,202.1,143715
2026-04-30 14:37:00,24046.2,201.15,202.1,197.05,201.5,140010
2026-04-30 14:38:00,24048.65,202.35,205.0,198.65,199.8,126100
2026-04-30 14:39:00,24062.25,199.55,201.0,192.05,192.05,177645
2026-04-30 14:40:00,24061.5,192.4,197.05,191.8,193.85,211185
2026-04-30 14:41:00,24055.95,193.6,197.0,193.05,196.35,140790
2026-04-30 14:42:00,24075.6,196.0,196.35,185.6,185.6,215930
2026-04-30 14:43:00,24081.05,186.0,186.0,181.35,184.1,349245
2026-04-30 14:44:00,24075.1,185.4,188.4,182.95,185.0,265980
2026-04-30 14:45:00,24070.0,185.1,189.95,181.45,186.6,383500
2026-04-30 14:46:00,24063.1,186.5,190.0,186.3,188.35,188630
2026-04-30 14:47:00,24052.4,188.8,199.0,188.35,198.65,370175
2026-04-30 14:48:00,24055.35,197.15,203.95,195.95,195.95,402480
2026-04-30 14:49:00,24036.75,196.4,206.4,195.75,206.4,251550
2026-04-30 14:50:00,24017.55,207.6,215.0,204.4,212.55,493935
2026-04-30 14:51:00,24027.9,213.3,215.4,207.2,207.2,318500
2026-04-30 14:52:00,24025.05,208.45,213.75,206.65,208.85,155675
2026-04-30 14:53:00,24032.05,209.65,214.45,206.6,207.5,206570
2026-04-30 14:54:00,24024.8,207.1,214.0,205.65,212.65,135330
2026-04-30 14:55:00,24025.35,212.4,213.6,208.45,208.45,99775
2026-04-30 14:56:00,24030.2,206.9,211.5,204.8,208.2,129415
2026-04-30 14:57:00,24032.8,208.0,211.65,205.55,206.7,91065
2026-04-30 14:58:00,24036.65,207.0,209.3,201.6,202.55,167960
2026-04-30 14:59:00,24050.2,201.15,202.55,194.25,196.6,264550
2026-04-30 15:00:00,24032.95,194.95,208.95,194.95,197.2,382655
2026-04-30 15:01:00,24003.8,199.3,208.0,197.2,207.8,258960
2026-04-30 15:02:00,24005.65,210.0,211.8,205.95,208.15,248040
2026-04-30 15:03:00,24016.3,208.2,210.6,201.15,201.6,200655
2026-04-30 15:04:00,24001.65,203.1,210.65,201.6,209.6,166075
2026-04-30 15:05:00,23992.4,208.75,215.0,208.75,212.85,256425
2026-04-30 15:06:00,24000.7,213.0,217.4,211.55,212.3,228215
2026-04-30 15:07:00,23980.95,212.3,221.0,212.3,220.2,183040
2026-04-30 15:08:00,23975.15,221.4,229.0,220.2,226.4,271830
2026-04-30 15:09:00,23970.95,227.85,230.5,226.35,226.9,193245
2026-04-30 15:10:00,23971.45,225.9,229.05,225.15,227.45,162110
2026-04-30 15:11:00,23963.55,227.8,229.8,226.3,227.3,111345
2026-04-30 15:12:00,23973.95,228.15,229.05,222.85,225.3,162045
2026-04-30 15:13:00,23980.65,225.2,227.45,221.0,221.0,103740
2026-04-30 15:14:00,23991.3,220.85,223.75,213.0,214.6,180830
2026-04-30 15:15:00,23991.35,216.75,220.3,213.4,217.1,150995
2026-04-30 15:16:00,23988.05,216.45,217.1,211.25,211.35,96655
2026-04-30 15:17:00,24005.7,210.5,211.35,196.4,201.6,246740
2026-04-30 15:18:00,24004.2,201.2,204.9,200.15,200.25,112840
2026-04-30 15:19:00,24004.1,199.65,204.15,198.9,204.15,101530
2026-04-30 15:20:00,24002.45,204.5,204.5,201.8,202.4,127205
2026-04-30 15:21:00,24000.95,202.25,206.55,201.3,206.55,99710
2026-04-30 15:22:00,23988.3,205.8,213.7,205.75,210.5,155480
2026-04-30 15:23:00,24006.4,210.7,210.7,202.3,205.0,128830
2026-04-30 15:24:00,24010.0,205.1,205.15,200.9,201.65,101075
2026-04-30 15:25:00,24012.75,201.65,201.65,197.5,199.25,127205
2026-04-30 15:26:00,24022.1,198.9,199.25,186.0,191.45,242385
2026-04-30 15:27:00,24027.55,191.8,191.8,188.05,188.05,115830
2026-04-30 15:28:00,24041.1,188.25,189.65,185.05,186.6,137475
2026-04-30 15:29:00,24043.7,189.45,192.0,186.6,188.1,171015
