Time,Spot,ATM_Strike,Used_Offset,Open,High,Low,Close,Volume
09:15:00,24106.35,24100,ATM,321.1,321.1,285.7,287.2,39455
09:16:00,24118.65,24100,ATM,286.15,288.25,278.4,280.0,28470
09:17:00,24110.9,24100,ATM,278.0,282.25,276.55,279.85,19565
09:18:00,24085.25,24100,ATM,282.0,295.3,279.65,294.65,18265
09:19:00,24090.8,24100,ATM,293.0,301.6,289.55,291.85,20540
09:20:00,24118.2,24100,ATM,287.95,291.85,269.75,270.3,18850
09:21:00,24099.5,24100,ATM,270.55,282.5,270.3,278.4,10855
09:22:00,24088.55,24100,ATM,277.05,286.9,275.9,284.6,17940
09:23:00,24060.65,24050,ATM+1,286.15,301.4,284.6,301.4,16055
09:24:00,24077.9,24100,ATM,301.7,301.7,292.35,292.35,14820
09:25:00,24071.0,24050,ATM+1,292.35,301.0,291.9,295.75,9425
09:26:00,24099.1,24100,ATM,295.25,295.75,278.1,278.1,10660
09:27:00,24107.35,24100,ATM,278.85,278.85,270.25,274.5,18720
09:28:00,24097.1,24100,ATM,275.95,280.25,271.65,277.7,13520
09:29:00,24111.55,24100,ATM,276.5,277.7,267.0,267.0,14950
09:30:00,24118.2,24100,ATM,266.55,269.25,264.0,264.3,9165
09:31:00,24122.35,24100,ATM,263.2,267.2,261.0,263.0,7085
09:32:00,24121.0,24100,ATM,262.0,264.0,261.15,263.45,3770
09:33:00,24103.65,24100,ATM,263.25,270.15,260.05,269.3,9880
09:34:00,24092.35,24100,ATM,270.45,277.05,269.3,274.45,6175
09:35:00,24097.35,24100,ATM,274.45,275.8,271.3,272.85,10270
09:36:00,24107.85,24100,ATM,272.45,276.05,267.65,269.95,13455
09:37:00,24100.85,24100,ATM,269.9,275.0,269.9,272.15,2990
09:38:00,24098.65,24100,ATM,273.5,275.4,272.15,275.4,2730
09:39:00,24105.05,24100,ATM,277.65,282.0,271.15,271.5,4030
09:40:00,24117.35,24100,ATM,271.35,272.4,265.75,266.15,5850
09:41:00,24109.8,24100,ATM,266.65,270.1,265.3,267.75,6370
09:42:00,24114.65,24100,ATM,266.55,269.1,263.95,263.95,4745
09:43:00,24125.65,24150,ATM-1,263.8,263.95,258.1,258.55,5200
09:44:00,24141.35,24150,ATM-1,258.95,259.5,252.1,252.8,20475
09:45:00,24146.8,24150,ATM-1,249.7,252.8,246.2,248.2,7475
09:46:00,24147.5,24150,ATM-1,249.0,249.0,245.8,246.0,3315
09:47:00,24155.7,24150,ATM-1,246.1,246.3,243.0,244.4,6305
09:48:00,24154.75,24150,ATM-1,244.2,244.65,242.5,243.2,3835
09:49:00,24164.8,24150,ATM-1,243.0,243.2,239.2,241.3,11180
09:50:00,24164.75,24150,ATM-1,240.25,241.3,238.7,240.0,3185
09:51:00,24168.25,24150,ATM-1,239.5,240.0,237.75,238.85,4745
09:52:00,24169.95,24150,ATM-1,238.85,238.85,236.65,237.0,3770
09:53:00,24171.45,24150,ATM-1,237.7,237.9,235.9,236.45,2665
09:54:00,24173.95,24150,ATM-1,256.05,256.85,254.1,254.55,1690
09:55:00,24175.4,24200,ATM-2,236.0,236.5,233.6,234.8,7475
09:56:00,24170.95,24150,ATM-1,235.55,237.0,234.05,235.6,6305
09:57:00,24174.0,24150,ATM-1,255.15,255.15,253.0,253.0,7930
09:58:00,24174.1,24150,ATM-1,232.4,232.85,230.1,231.8,7605
09:59:00,24173.2,24150,ATM-1,232.25,233.45,230.8,230.8,2275
10:00:00,24187.3,24200,ATM-2,230.2,230.8,224.45,224.85,11960
10:01:00,24202.9,24200,ATM-2,224.1,224.85,218.7,219.2,18980
10:02:00,24202.55,24200,ATM-2,220.2,220.95,216.0,219.0,18980
10:03:00,24205.65,24200,ATM-2,218.55,219.2,215.5,216.55,8060
10:04:00,24201.3,24200,ATM-2,217.25,218.6,216.55,217.4,4485
10:05:00,24202.1,24200,ATM-2,217.0,218.65,215.35,217.8,5850
10:06:00,24204.3,24200,ATM-2,219.7,219.7,215.85,216.7,3445
10:07:00,24206.35,24200,ATM-2,215.3,216.9,213.05,214.5,10660
10:08:00,24213.55,24200,ATM-2,213.5,216.0,211.2,211.2,10270
10:09:00,24211.75,24200,ATM-2,211.5,213.3,210.95,211.7,11310
10:10:00,24223.15,24200,ATM-2,211.7,213.25,208.0,208.65,10530
10:11:00,24219.0,24200,ATM-2,207.2,209.95,206.0,209.95,25545
10:12:00,24221.65,24200,ATM-2,209.45,209.95,207.5,208.1,3965
10:13:00,24226.7,24250,ATM-3,208.25,208.25,206.7,206.75,2210
10:14:00,24233.8,24250,ATM-3,208.35,208.35,204.6,204.9,12740
10:15:00,24239.2,24250,ATM-3,204.35,206.0,203.65,205.3,5200
10:16:00,24243.1,24250,ATM-3,204.55,205.3,202.6,202.6,11635
10:17:00,24245.9,24250,ATM-3,202.95,202.95,201.35,202.0,9490
10:18:00,24250.35,24250,ATM-3,202.45,203.1,201.0,202.4,5720
10:19:00,24243.1,24250,ATM-3,202.5,204.8,201.55,204.15,6370
10:20:00,24265.35,24250,ATM-3,204.05,204.15,198.6,199.5,9490
10:21:00,24268.95,24250,ATM-3,198.55,200.35,196.7,198.15,6825
10:22:00,24263.15,24250,ATM-3,198.1,199.35,196.25,198.5,5525
10:23:00,24268.55,24250,ATM-3,199.45,199.75,196.05,198.6,9100
10:24:00,24270.45,24250,ATM-3,198.7,199.9,198.0,199.9,7800
10:25:00,24271.35,24250,ATM-3,199.0,200.7,198.45,199.45,2795
10:30:00,24274.15,24250,ATM-3,194.35,198.8,194.2,197.85,3965
10:31:00,24271.6,24250,ATM-3,197.85,201.05,196.35,199.5,5460
10:38:00,24271.7,24250,ATM-3,199.55,201.0,199.5,201.0,2015
10:39:00,24268.7,24250,ATM-3,201.55,202.85,201.0,202.45,2795
10:40:00,24264.85,24250,ATM-3,201.2,203.6,201.0,203.6,4420
10:41:00,24272.6,24250,ATM-3,203.7,204.3,199.4,199.4,4550
10:42:00,24267.8,24250,ATM-3,201.15,202.35,199.4,202.35,1755
10:43:00,24267.95,24250,ATM-3,201.0,203.0,200.25,202.85,26845
10:44:00,24267.45,24250,ATM-3,202.7,203.0,199.65,199.65,1560
10:45:00,24259.1,24250,ATM-3,200.0,203.2,199.65,203.0,15210
10:46:00,24255.25,24250,ATM-3,203.0,203.65,201.6,203.65,5070
10:47:00,24262.1,24250,ATM-3,202.95,203.65,201.65,202.3,1495
10:48:00,24270.85,24250,ATM-3,201.45,202.3,198.9,198.9,910
10:49:00,24271.65,24250,ATM-3,198.9,200.2,197.95,197.95,2795
10:50:00,24273.65,24250,ATM-3,196.8,199.35,196.5,199.0,7215
11:25:00,24274.55,24250,ATM-3,209.6,209.6,203.45,209.6,195
11:28:00,24267.25,24250,ATM-3,194.1,195.35,190.8,194.95,1495
11:29:00,24263.25,24250,ATM-3,194.95,195.1,194.0,194.55,845
11:30:00,24271.15,24250,ATM-3,194.3,194.55,193.0,193.3,650
11:32:00,24271.75,24250,ATM-3,191.95,193.0,188.85,192.65,585
11:43:00,24274.95,24250,ATM-3,210.4,211.0,210.4,210.4,65
11:44:00,24271.85,24250,ATM-3,194.0,194.45,192.6,194.45,325
11:45:00,24269.75,24250,ATM-3,193.85,195.95,193.85,194.3,780
11:46:00,24265.8,24250,ATM-3,193.9,195.4,193.9,195.4,1820
11:47:00,24269.45,24250,ATM-3,194.7,195.4,194.4,194.4,390
11:48:00,24272.0,24250,ATM-3,193.3,194.4,193.0,193.0,1430
11:49:00,24267.05,24250,ATM-3,194.1,196.25,193.0,195.35,2210
11:50:00,24268.2,24250,ATM-3,195.0,195.35,194.8,194.95,325
11:51:00,24268.35,24250,ATM-3,194.85,194.95,194.5,194.5,390
11:52:00,24268.5,24250,ATM-3,193.55,194.5,193.3,193.3,130
11:53:00,24271.25,24250,ATM-3,192.65,193.3,192.65,193.0,130
11:54:00,24271.05,24250,ATM-3,192.45,194.35,192.45,194.35,390
11:55:00,24269.75,24250,ATM-3,193.45,194.45,193.45,194.45,130
11:56:00,24271.9,24250,ATM-3,193.85,194.45,193.85,193.85,325
11:57:00,24271.05,24250,ATM-3,192.1,194.2,192.1,194.2,715
11:58:00,24271.2,24250,ATM-3,195.15,195.15,193.8,193.8,130
12:04:00,24273.05,24250,ATM-3,191.35,192.15,190.9,190.9,195
12:05:00,24269.4,24250,ATM-3,193.4,195.0,190.9,194.1,715
12:06:00,24268.3,24250,ATM-3,195.1,195.25,194.0,195.25,325
12:07:00,24273.3,24250,ATM-3,195.25,195.25,191.6,191.6,1885
13:44:00,24272.55,24250,ATM-3,199.8,202.0,198.1,200.55,650
13:45:00,24266.25,24250,ATM-3,201.2,202.4,200.35,202.2,1625
13:46:00,24267.55,24250,ATM-3,203.5,203.9,200.3,201.8,5265
13:47:00,24264.05,24250,ATM-3,202.4,203.9,199.85,203.9,1950
13:48:00,24260.55,24250,ATM-3,204.0,206.9,203.0,203.45,4095
13:49:00,24266.05,24250,ATM-3,203.55,204.35,201.5,201.5,1365
13:50:00,24271.3,24250,ATM-3,202.2,202.2,199.85,200.45,4095
13:51:00,24268.7,24250,ATM-3,201.4,203.55,200.2,200.2,1365
13:54:00,24269.85,24250,ATM-3,201.8,201.8,196.7,200.1,325
13:56:00,24271.5,24250,ATM-3,198.25,201.05,198.25,199.85,1430
13:57:00,24261.7,24250,ATM-3,200.55,205.0,199.85,205.0,2795
13:58:00,24267.25,24250,ATM-3,205.05,205.05,202.5,203.7,3640
13:59:00,24254.95,24250,ATM-3,202.4,205.65,202.4,205.65,2405
14:00:00,24253.15,24250,ATM-3,209.0,211.15,205.55,205.55,5785
14:01:00,24254.35,24250,ATM-3,205.55,207.85,205.3,207.85,3250
14:02:00,24246.9,24250,ATM-3,207.15,212.85,207.15,211.4,5460
14:03:00,24215.15,24200,ATM-2,213.0,224.15,211.4,223.95,17030
14:04:00,24202.45,24200,ATM-2,227.55,232.95,223.95,232.6,10465
14:05:00,24204.1,24200,ATM-2,231.2,234.2,226.5,232.25,20865
14:06:00,24219.25,24200,ATM-2,232.45,233.3,227.55,227.55,2730
14:07:00,24218.1,24200,ATM-2,227.25,228.6,223.2,228.05,6890
14:08:00,24214.1,24200,ATM-2,225.2,228.2,224.9,228.1,3445
14:09:00,24207.2,24200,ATM-2,228.35,231.3,228.1,228.85,3835
14:10:00,24207.6,24200,ATM-2,230.3,231.0,227.05,228.05,3575
14:11:00,24212.7,24200,ATM-2,227.0,228.05,224.5,224.95,1105
14:12:00,24207.5,24200,ATM-2,225.0,229.95,224.95,227.8,1170
14:13:00,24202.45,24200,ATM-2,230.35,231.8,227.8,230.2,2405
14:14:00,24214.6,24200,ATM-2,230.0,230.2,221.9,222.8,3315
14:15:00,24209.35,24200,ATM-2,223.75,226.05,222.7,225.4,2990
14:16:00,24207.65,24200,ATM-2,223.75,226.3,222.5,226.3,2795
14:17:00,24200.65,24200,ATM-2,230.0,231.0,226.3,231.0,1950
14:18:00,24195.15,24200,ATM-2,230.5,231.65,227.0,231.65,1560
14:19:00,24189.3,24200,ATM-2,232.65,233.0,231.45,232.6,1170
14:20:00,24192.55,24200,ATM-2,233.85,235.35,232.5,233.2,7670
14:21:00,24187.8,24200,ATM-2,238.15,238.15,233.2,233.6,4160
14:22:00,24191.15,24200,ATM-2,233.0,234.15,230.45,234.15,2990
14:23:00,24210.15,24200,ATM-2,236.0,236.5,224.85,226.85,5200
14:24:00,24214.45,24200,ATM-2,227.5,228.0,224.0,224.0,1820
14:25:00,24207.3,24200,ATM-2,228.0,230.6,224.0,226.8,1885
14:26:00,24201.55,24200,ATM-2,227.0,231.7,226.8,230.4,3510
14:27:00,24193.9,24200,ATM-2,231.45,237.0,230.4,235.8,3575
14:28:00,24198.2,24200,ATM-2,234.6,236.0,233.5,233.6,1105
14:29:00,24186.7,24200,ATM-2,234.25,238.35,233.6,236.75,6955
14:30:00,24187.5,24200,ATM-2,237.6,237.65,234.9,234.9,3705
14:31:00,24201.55,24200,ATM-2,233.5,234.9,229.4,229.4,2405
14:32:00,24207.25,24200,ATM-2,227.25,229.4,226.25,226.8,1300
14:33:00,24205.1,24200,ATM-2,227.0,230.0,226.8,230.0,1105
14:34:00,24207.75,24200,ATM-2,232.0,232.0,230.0,230.7,260
14:35:00,24194.7,24200,ATM-2,230.25,235.0,230.25,234.55,9165
14:36:00,24204.05,24200,ATM-2,234.5,234.55,228.3,229.5,2340
14:37:00,24199.3,24200,ATM-2,230.5,233.0,229.5,232.1,1170
14:38:00,24201.1,24200,ATM-2,232.2,233.0,231.3,231.3,780
14:39:00,24205.05,24200,ATM-2,231.5,231.5,230.25,230.25,260
14:40:00,24210.4,24200,ATM-2,227.2,230.25,227.1,227.1,585
14:41:00,24215.6,24200,ATM-2,226.3,227.1,225.4,225.4,520
14:42:00,24223.45,24200,ATM-2,225.8,226.3,222.05,222.85,1820
14:43:00,24217.65,24200,ATM-2,223.35,227.0,222.85,227.0,1365
14:44:00,24229.15,24250,ATM-3,225.65,227.0,223.75,224.95,4810
14:45:00,24222.95,24200,ATM-2,224.7,226.3,223.95,226.3,1885
14:46:00,24202.8,24200,ATM-2,225.0,233.9,225.0,231.65,1690
14:47:00,24202.75,24200,ATM-2,231.55,232.3,230.0,231.65,3900
14:48:00,24208.35,24200,ATM-2,230.0,231.65,228.1,229.45,2925
14:49:00,24206.0,24200,ATM-2,229.45,229.45,229.05,229.05,1235
14:50:00,24200.2,24200,ATM-2,230.0,235.0,229.05,232.95,2535
14:51:00,24202.05,24200,ATM-2,233.85,233.85,231.7,233.05,1235
14:52:00,24210.15,24200,ATM-2,232.3,233.05,229.4,229.4,1170
14:53:00,24207.25,24200,ATM-2,230.85,231.6,229.4,231.25,650
14:54:00,24206.1,24200,ATM-2,231.2,231.3,230.25,231.3,2210
14:55:00,24200.35,24200,ATM-2,230.75,235.0,230.75,235.0,1040
14:56:00,24202.25,24200,ATM-2,234.75,235.0,233.7,233.75,975
14:57:00,24200.4,24200,ATM-2,234.4,235.0,232.6,233.0,2340
14:58:00,24194.05,24200,ATM-2,233.6,236.55,233.0,236.55,780
14:59:00,24185.45,24200,ATM-2,236.7,242.35,234.8,238.9,5070
15:00:00,24195.25,24200,ATM-2,241.7,242.0,234.65,234.65,1560
15:01:00,24203.05,24200,ATM-2,236.7,236.7,231.2,231.3,2730
15:02:00,24205.4,24200,ATM-2,232.0,232.0,227.8,230.4,2080
15:03:00,24194.5,24200,ATM-2,232.35,232.8,229.5,232.05,1625
15:04:00,24189.5,24200,ATM-2,235.1,238.0,232.05,236.65,3055
15:05:00,24191.5,24200,ATM-2,236.0,237.35,234.4,236.15,1365
15:06:00,24194.7,24200,ATM-2,237.35,237.35,233.95,233.95,585
15:07:00,24194.3,24200,ATM-2,233.95,235.25,233.45,234.1,975
15:08:00,24198.75,24200,ATM-2,234.9,235.15,232.65,232.65,650
15:09:00,24192.45,24200,ATM-2,232.8,236.8,232.65,235.9,1495
15:10:00,24182.9,24200,ATM-2,237.35,244.2,235.9,240.0,8515
15:11:00,24180.1,24200,ATM-2,240.5,244.45,240.0,241.6,6760
15:12:00,24178.7,24200,ATM-2,241.85,244.0,241.6,242.4,5330
15:13:00,24172.7,24150,ATM-1,243.0,243.2,240.75,242.3,6695
15:14:00,24170.15,24150,ATM-1,243.15,243.2,240.55,241.55,1690
15:15:00,24166.55,24150,ATM-1,242.6,245.55,237.5,241.25,18330
15:16:00,24160.55,24150,ATM-1,242.65,245.0,241.25,243.55,4615
15:17:00,24159.85,24150,ATM-1,243.45,244.85,242.0,244.85,1755
15:18:00,24158.7,24150,ATM-1,244.5,245.35,243.5,244.05,6825
15:19:00,24158.1,24150,ATM-1,243.75,245.25,243.75,244.3,4680
15:20:00,24156.1,24150,ATM-1,244.7,246.6,244.3,245.9,9750
15:21:00,24161.7,24150,ATM-1,246.3,246.5,243.6,244.95,14495
15:22:00,24162.4,24150,ATM-1,245.0,246.35,244.4,245.05,4095
15:23:00,24164.15,24150,ATM-1,244.95,245.85,244.95,245.2,5135
15:24:00,24160.8,24150,ATM-1,245.0,247.0,245.0,246.0,6240
15:25:00,24157.2,24150,ATM-1,246.0,249.25,244.85,249.0,8255
15:26:00,24147.45,24150,ATM-1,249.95,256.6,249.0,253.8,9230
15:27:00,24155.95,24150,ATM-1,252.85,253.8,251.25,251.25,4225
15:28:00,24161.15,24150,ATM-1,251.6,254.15,251.25,253.1,7995
15:29:00,24163.6,24150,ATM-1,252.9,258.45,249.55,255.05,15665
