time,open,high,low,close,vol
09:15,1200.0,1202.0,1194.0,1197.0,61026
09:16,1197.5,1198.5,1193.3,1195.0,32535
09:17,1194.7,1196.3,1194.0,1195.8,17461
09:18,1195.9,1197.1,1193.2,1193.9,19794
09:19,1194.2,1194.4,1192.3,1194.1,16783
09:20,1194.8,1196.0,1193.5,1194.1,7856
09:21,1194.2,1194.2,1190.5,1190.8,33566
09:22,1190.4,1191.0,1188.0,1189.1,37755
09:23,1189.0,1190.0,1188.1,1188.6,15016
09:24,1189.0,1189.5,1186.6,1187.7,20455
09:25,1187.5,1188.0,1186.7,1187.4,12791
09:26,1187.4,1187.5,1185.5,1187.0,32024
09:27,1187.0,1188.0,1186.9,1188.0,9506
09:28,1188.0,1188.0,1186.2,1186.2,11714
09:29,1186.7,1186.7,1185.0,1185.4,10898
09:30,1184.6,1188.0,1184.0,1187.6,36506
09:31,1187.9,1189.0,1187.6,1188.7,10794
09:32,1188.5,1192.6,1188.5,1192.5,32333
09:33,1192.1,1193.0,1190.4,1192.0,28840
09:34,1192.0,1193.0,1191.0,1192.4,31710
09:35,1192.3,1192.5,1191.0,1191.8,13546
09:36,1191.8,1192.9,1191.6,1192.6,17885
09:37,1193.0,1193.5,1191.7,1191.7,23666
09:38,1192.4,1192.4,1191.0,1191.3,5962
09:39,1191.4,1191.6,1191.0,1191.0,4811
09:40,1191.4,1191.4,1190.1,1191.3,6714
09:41,1191.3,1191.9,1190.7,1191.3,10106
09:42,1191.3,1194.9,1190.6,1194.2,25500
09:43,1194.5,1195.0,1193.1,1193.5,12904
09:44,1193.6,1194.0,1193.0,1194.0,5343
09:45,1193.5,1194.6,1192.7,1194.2,7744
09:46,1194.1,1194.2,1193.1,1193.8,6948
09:47,1194.0,1194.0,1193.0,1193.4,3745
09:48,1193.2,1193.5,1192.5,1193.0,6691
09:49,1193.0,1194.8,1192.9,1194.7,11779
09:50,1194.6,1195.0,1193.6,1194.8,12565
09:51,1194.3,1196.8,1194.1,1196.7,28003
09:52,1197.7,1197.9,1195.5,1196.0,15356
09:53,1196.1,1197.4,1195.8,1197.0,13275
09:54,1196.5,1197.7,1195.5,1195.9,15948
09:55,1195.6,1195.9,1195.2,1195.4,6462
09:56,1195.5,1196.0,1195.1,1195.7,13384
09:57,1195.8,1197.0,1195.3,1196.7,12586
09:58,1196.7,1198.2,1196.7,1197.1,24481
09:59,1197.3,1197.9,1197.0,1197.6,7242
10:00,1197.3,1197.4,1195.9,1196.2,6315
10:01,1196.0,1196.5,1195.5,1196.5,4913
10:02,1196.5,1197.0,1196.0,1196.4,10079
10:03,1196.6,1197.3,1196.0,1197.1,9954
10:04,1196.6,1196.9,1195.6,1195.6,3893
10:05,1196.1,1196.5,1195.6,1195.7,5612
10:06,1196.0,1196.7,1195.5,1196.5,5397
10:07,1196.1,1196.5,1195.5,1195.9,6500
10:08,1195.9,1195.9,1194.5,1195.5,10214
10:09,1194.7,1195.1,1193.6,1194.9,12233
10:10,1194.8,1194.9,1194.0,1194.1,6120
10:11,1194.4,1194.7,1193.7,1194.0,4547
10:12,1194.0,1194.6,1193.3,1194.6,7627
10:13,1194.6,1195.6,1194.4,1195.3,8149
10:14,1195.7,1196.0,1194.5,1195.5,7132
10:15,1195.4,1195.8,1194.9,1195.7,3703
10:16,1195.4,1195.8,1195.0,1195.0,2849
10:17,1195.2,1195.3,1193.1,1194.0,6847
10:18,1193.5,1194.3,1193.5,1194.3,3425
10:19,1194.6,1194.9,1193.4,1193.5,3783
10:20,1193.0,1193.9,1192.7,1193.9,4929
10:21,1194.0,1195.2,1194.0,1195.0,9726
10:22,1194.6,1196.0,1194.6,1194.6,8737
10:23,1195.1,1195.4,1194.1,1194.7,4094
10:24,1194.7,1195.5,1193.6,1195.5,11357
10:25,1195.5,1196.0,1194.9,1196.0,5583
10:26,1196.0,1197.0,1195.8,1196.8,12174
10:27,1196.8,1197.8,1196.3,1197.6,9316
10:28,1197.8,1197.8,1196.1,1197.0,11150
10:29,1197.0,1197.5,1196.5,1197.2,6126
10:30,1197.0,1197.0,1196.3,1196.8,2289
10:31,1196.8,1197.1,1196.4,1197.0,4190
10:32,1197.0,1197.0,1196.5,1196.9,2454
10:33,1196.8,1197.0,1196.2,1197.0,2324
10:34,1197.0,1197.4,1196.2,1196.9,4040
10:35,1196.9,1197.2,1196.1,1196.7,5898
10:36,1196.7,1196.7,1195.5,1196.0,5240
10:37,1195.5,1196.9,1195.4,1196.8,5758
10:38,1196.7,1196.9,1196.0,1196.0,1470
10:39,1196.3,1196.3,1195.6,1195.7,2497
10:40,1196.0,1196.4,1195.7,1196.4,3640
10:41,1196.4,1196.4,1195.5,1196.0,1805
10:42,1196.0,1196.1,1195.5,1196.0,2539
10:43,1196.0,1196.5,1195.5,1196.5,2987
10:44,1196.5,1197.1,1196.2,1196.8,9406
10:45,1196.8,1196.8,1195.3,1195.5,4243
10:46,1195.3,1195.8,1195.2,1195.6,1850
10:47,1195.8,1195.8,1194.2,1194.6,4306
10:48,1195.0,1195.0,1193.8,1194.4,7483
10:49,1194.4,1194.5,1193.4,1194.3,3828
10:50,1194.3,1194.3,1193.5,1194.3,2106
10:51,1194.3,1194.5,1194.1,1194.5,2079
10:52,1194.4,1195.3,1194.0,1195.1,6726
10:53,1195.1,1195.3,1194.2,1195.2,3306
10:54,1195.2,1195.2,1194.6,1194.9,971
10:55,1194.9,1194.9,1194.0,1194.3,2795
10:56,1194.6,1194.8,1194.3,1194.7,2097
10:57,1194.7,1196.0,1194.4,1196.0,10327
10:58,1196.0,1196.1,1195.4,1196.0,8042
10:59,1195.9,1196.0,1194.8,1195.1,4010
11:00,1195.1,1195.5,1194.7,1195.5,3037
11:01,1195.4,1195.4,1195.0,1195.4,1153
11:02,1195.0,1195.4,1194.5,1194.8,1780
11:03,1194.8,1194.8,1194.3,1194.8,1375
11:04,1194.8,1194.8,1194.3,1194.7,2345
11:05,1194.7,1195.7,1194.4,1195.5,4234
11:06,1195.8,1195.8,1195.1,1195.6,1916
11:07,1195.7,1195.8,1195.4,1195.8,2443
11:08,1195.8,1195.8,1195.1,1195.6,2140
11:09,1195.5,1195.6,1194.2,1194.8,5324
11:10,1194.9,1195.0,1194.3,1194.7,1569
11:11,1194.7,1195.0,1194.2,1194.9,3191
11:12,1195.0,1195.0,1194.7,1194.9,739
11:13,1195.0,1195.0,1194.4,1194.8,2034
11:14,1194.8,1194.9,1194.2,1194.8,2430
11:15,1194.8,1194.8,1194.1,1194.4,908
11:16,1194.4,1194.7,1194.0,1194.3,3025
11:17,1194.3,1194.5,1194.1,1194.5,759
11:18,1194.5,1194.5,1193.5,1193.8,10481
11:19,1193.4,1193.9,1192.5,1193.1,6229
11:20,1193.1,1193.2,1192.5,1193.1,1774
11:21,1193.0,1193.1,1192.1,1192.4,4427
11:22,1192.4,1192.4,1191.5,1191.8,8062
11:23,1191.8,1192.6,1191.5,1192.2,7950
11:24,1192.4,1192.5,1191.9,1192.2,1639
11:25,1192.2,1192.5,1191.9,1192.5,2927
11:26,1192.5,1192.6,1192.0,1192.4,1086
11:27,1192.4,1192.5,1192.0,1192.4,1619
11:28,1192.4,1192.4,1192.0,1192.4,2213
11:29,1192.4,1192.4,1192.1,1192.3,2253
11:30,1192.4,1192.5,1192.2,1192.5,1665
11:31,1192.5,1192.6,1191.5,1191.6,6652
11:32,1192.0,1192.0,1191.5,1191.8,2248
11:33,1191.5,1191.8,1191.1,1191.6,5970
11:34,1191.6,1191.9,1191.3,1191.9,5392
11:35,1191.9,1192.0,1191.6,1192.0,1334
11:36,1192.0,1192.9,1192.0,1192.9,7614
11:37,1192.9,1194.6,1192.6,1194.5,20489
11:38,1194.4,1194.4,1194.0,1194.0,11223
11:39,1194.0,1194.5,1194.0,1194.0,7946
11:40,1194.5,1194.5,1193.8,1194.4,6439
11:41,1194.4,1194.8,1194.0,1194.8,5827
11:42,1194.8,1195.9,1194.8,1195.9,8322
11:43,1195.9,1195.9,1195.0,1195.4,2013
11:44,1195.0,1196.4,1195.0,1196.2,9306
11:45,1195.6,1196.3,1195.4,1196.0,4603
11:46,1195.2,1195.9,1195.2,1195.9,897
11:47,1195.8,1195.9,1195.2,1195.6,2993
11:48,1195.5,1195.6,1195.0,1195.1,961
11:49,1195.5,1195.5,1195.1,1195.5,1925
11:50,1195.5,1196.8,1195.2,1196.5,10926
11:51,1195.9,1197.9,1195.9,1197.9,15037
11:52,1197.9,1197.9,1197.2,1197.7,4940
11:53,1197.8,1199.1,1197.3,1198.8,18471
11:54,1198.8,1198.9,1197.8,1198.6,12232
11:55,1198.0,1199.0,1198.0,1198.4,17937
11:56,1198.5,1199.8,1198.1,1199.8,26022
11:57,1199.1,1199.8,1198.7,1199.2,8889
11:58,1198.5,1199.9,1198.5,1199.5,16205
11:59,1199.5,1199.5,1199.0,1199.4,4623
12:00,1199.5,1200.5,1199.1,1200.0,19562
12:01,1200.0,1200.6,1199.3,1199.8,6389
12:02,1199.8,1200.4,1199.4,1200.3,5162
12:03,1199.9,1201.2,1199.5,1200.9,21458
12:04,1201.3,1201.4,1200.3,1200.3,12652
12:05,1200.1,1201.0,1200.1,1200.5,2806
12:06,1200.4,1201.5,1200.4,1200.9,8769
12:07,1200.5,1201.0,1200.4,1200.9,4040
12:08,1200.5,1201.9,1200.0,1200.4,22547
12:09,1200.1,1201.1,1200.1,1200.8,8171
12:10,1200.7,1200.8,1199.7,1200.0,14008
12:11,1199.8,1200.8,1199.8,1200.5,3943
12:12,1200.7,1200.9,1200.1,1200.5,4066
12:13,1200.2,1200.8,1200.0,1200.8,4289
12:14,1200.8,1201.0,1200.2,1201.0,7744
12:15,1200.6,1201.5,1200.3,1201.0,32709
12:16,1200.7,1201.3,1200.5,1200.8,7730
12:17,1200.9,1201.2,1200.0,1200.4,7811
12:18,1200.1,1201.3,1200.0,1200.7,19076
12:19,1200.7,1201.0,1200.0,1201.0,52587
12:20,1200.9,1201.3,1200.2,1200.9,7588
12:21,1200.2,1201.4,1200.2,1201.3,6502
12:22,1200.7,1201.4,1200.7,1201.3,8965
12:23,1200.9,1201.7,1200.6,1201.1,25941
12:24,1201.0,1203.0,1200.9,1202.3,20393
12:25,1202.3,1202.9,1200.6,1201.1,37401
12:26,1201.1,1202.5,1201.0,1201.8,66597
12:27,1201.3,1202.2,1200.2,1200.5,14415
12:28,1200.6,1201.4,1200.5,1201.1,6912
12:29,1200.4,1201.4,1200.3,1201.4,6918
12:30,1201.0,1201.7,1200.8,1201.3,10973
12:31,1201.2,1202.4,1201.0,1202.0,15766
12:32,1201.9,1202.3,1201.1,1202.0,9150
12:33,1202.0,1202.4,1201.5,1202.2,12334
12:34,1202.4,1204.0,1202.2,1203.7,24193
12:35,1203.7,1204.3,1203.1,1203.9,14761
12:36,1203.6,1204.0,1203.5,1203.5,6685
12:37,1203.5,1203.9,1202.5,1202.9,20449
12:38,1202.9,1203.5,1202.5,1203.1,14569
12:39,1203.3,1204.0,1203.2,1203.7,8125
12:40,1203.6,1206.0,1203.4,1205.4,36584
12:41,1205.0,1205.9,1205.0,1205.9,10905
12:42,1205.8,1207.4,1205.5,1207.1,27424
12:43,1206.7,1207.8,1206.4,1207.7,20973
12:44,1207.3,1207.9,1207.3,1207.4,11897
12:45,1207.4,1207.5,1207.0,1207.3,6588
12:46,1207.0,1207.5,1207.0,1207.5,8260
12:47,1207.5,1207.9,1206.3,1206.8,17830
12:48,1206.5,1207.1,1206.0,1206.5,9083
12:49,1206.3,1207.8,1206.3,1206.9,8115
12:50,1206.4,1209.5,1206.4,1208.5,24866
12:51,1208.3,1208.7,1207.6,1208.0,12380
12:52,1208.1,1208.1,1206.7,1206.9,17609
12:53,1206.9,1206.9,1206.0,1206.4,12537
12:54,1206.4,1207.4,1206.4,1206.7,6756
12:55,1206.7,1206.9,1206.5,1206.7,4863
12:56,1206.6,1206.9,1206.4,1206.4,3843
12:57,1206.5,1207.1,1206.4,1206.9,9467
12:58,1206.7,1207.0,1206.2,1206.7,3094
12:59,1206.1,1206.4,1206.0,1206.2,3791
13:00,1206.0,1206.9,1205.8,1206.7,11748
13:01,1206.8,1206.8,1205.0,1205.8,13138
13:02,1205.8,1206.0,1204.2,1205.9,27188
13:03,1205.8,1205.8,1205.1,1205.3,2821
13:04,1205.3,1205.6,1205.0,1205.3,3221
13:05,1205.4,1205.5,1203.4,1203.5,39760
13:06,1203.4,1205.0,1203.4,1203.5,12534
13:07,1203.2,1205.3,1203.0,1205.0,28570
13:08,1205.0,1205.3,1204.4,1205.3,5940
13:09,1205.3,1205.3,1204.0,1204.3,11094
13:10,1204.2,1204.7,1204.2,1204.4,2469
13:11,1204.7,1205.9,1204.7,1205.2,10928
13:12,1205.2,1205.4,1204.8,1205.4,7927
13:13,1205.4,1205.8,1205.0,1205.8,6106
13:14,1205.8,1207.2,1205.6,1207.1,20745
13:15,1207.3,1207.7,1206.2,1206.8,12178
13:16,1207.0,1207.3,1206.0,1206.2,11404
13:17,1206.2,1206.7,1205.8,1206.1,5854
13:18,1206.5,1206.7,1206.1,1206.7,5476
13:19,1206.5,1206.7,1205.1,1205.5,4496
13:20,1205.2,1206.5,1205.2,1206.4,7015
13:21,1206.4,1206.4,1205.9,1206.2,4314
13:22,1206.0,1206.2,1205.0,1205.3,7835
13:23,1205.0,1206.5,1205.0,1206.5,11434
13:24,1206.4,1207.0,1206.0,1206.1,7927
13:25,1206.2,1206.5,1205.8,1206.5,4665
13:26,1206.5,1206.9,1206.0,1206.8,11877
13:27,1207.0,1207.0,1206.1,1206.1,10414
13:28,1206.0,1206.6,1206.0,1206.4,5159
13:29,1206.4,1206.6,1206.2,1206.6,4145
13:30,1206.5,1206.7,1206.3,1206.7,5199
13:31,1206.7,1207.7,1206.7,1207.0,18041
13:32,1207.0,1207.2,1206.6,1206.9,3395
13:33,1206.7,1207.1,1206.5,1207.0,4253
13:34,1206.9,1207.4,1206.6,1207.1,8319
13:35,1207.1,1207.6,1206.3,1207.5,8867
13:36,1207.6,1207.9,1207.2,1207.9,8499
13:37,1207.5,1208.0,1206.9,1207.4,4952
13:38,1207.4,1207.7,1206.9,1206.9,6984
13:39,1207.1,1207.3,1206.7,1207.2,2055
13:40,1207.1,1207.5,1206.8,1207.3,9331
13:41,1207.5,1208.7,1207.1,1208.4,22915
13:42,1208.3,1208.6,1207.5,1207.9,19736
13:43,1207.9,1207.9,1207.1,1207.5,8343
13:44,1207.4,1207.6,1207.0,1207.5,5842
13:45,1207.5,1207.9,1207.0,1207.0,9762
13:46,1206.8,1207.0,1206.3,1207.0,12843
13:47,1207.0,1207.1,1206.5,1207.1,3310
13:48,1207.2,1207.6,1207.0,1207.3,3703
13:49,1207.4,1207.8,1207.0,1207.6,4827
13:50,1207.6,1208.0,1207.6,1207.9,9911
13:51,1207.9,1208.6,1207.6,1208.1,28318
13:52,1208.2,1208.7,1207.7,1208.7,5520
13:53,1208.7,1208.8,1208.3,1208.7,7448
13:54,1208.7,1208.9,1208.5,1208.5,4441
13:55,1208.7,1209.3,1208.5,1209.2,9404
13:56,1209.0,1209.4,1208.9,1209.4,7919
13:57,1209.3,1209.9,1209.3,1209.9,11417
13:58,1209.9,1210.7,1209.6,1210.0,20471
13:59,1210.3,1210.4,1209.3,1209.8,16179
14:00,1210.0,1210.9,1209.6,1210.4,11703
14:01,1210.0,1211.0,1210.0,1210.4,12078
14:02,1211.0,1211.4,1210.6,1211.3,5898
14:03,1211.2,1213.7,1211.0,1212.5,18901
14:04,1212.9,1213.2,1211.8,1212.3,13060
14:05,1212.4,1212.7,1211.2,1211.7,8873
14:06,1211.7,1211.9,1210.0,1210.5,15442
14:07,1210.1,1210.5,1209.0,1209.1,15864
14:08,1209.0,1210.5,1209.0,1210.3,18182
14:09,1210.8,1211.0,1210.0,1211.0,6655
14:10,1210.6,1211.3,1210.6,1210.8,13068
14:11,1210.9,1211.0,1209.6,1210.4,6792
14:12,1210.3,1210.4,1210.0,1210.1,4478
14:13,1210.1,1211.4,1210.1,1210.8,9155
14:14,1210.4,1210.4,1210.0,1210.0,4050
14:15,1210.0,1210.3,1210.0,1210.0,5240
14:16,1210.0,1210.9,1210.0,1210.9,5675
14:17,1210.9,1211.5,1210.1,1211.1,54032
14:18,1210.9,1211.0,1209.9,1210.1,21489
14:19,1210.1,1210.5,1209.5,1210.1,37249
14:20,1210.1,1210.1,1209.2,1209.2,10979
14:21,1209.8,1210.0,1208.1,1209.6,18889
14:22,1209.1,1209.3,1208.5,1209.2,3725
14:23,1209.2,1209.6,1208.8,1209.3,10003
14:24,1209.2,1209.7,1208.8,1209.7,21099
14:25,1209.6,1209.9,1208.7,1209.5,14802
14:26,1209.2,1210.0,1208.5,1209.4,21079
14:27,1209.7,1209.8,1208.8,1209.2,38560
14:28,1209.1,1209.7,1208.2,1209.7,32162
14:29,1209.5,1210.6,1209.0,1209.5,14914
14:30,1209.1,1210.0,1208.9,1209.0,27351
14:31,1209.3,1209.8,1209.1,1209.8,6071
14:32,1209.8,1210.0,1209.2,1209.4,6016
14:33,1209.4,1211.3,1209.3,1211.2,17452
14:34,1211.2,1212.0,1211.1,1211.1,9806
14:35,1211.1,1211.7,1211.1,1211.4,4111
14:36,1211.5,1211.9,1210.3,1210.3,11099
14:37,1210.8,1210.8,1210.0,1210.3,4996
14:38,1210.3,1210.5,1210.0,1210.3,21826
14:39,1210.3,1210.8,1210.0,1210.7,9394
14:40,1210.8,1211.5,1210.8,1211.4,10390
14:41,1211.3,1211.5,1210.9,1211.0,7963
14:42,1211.0,1211.1,1210.9,1211.0,22659
14:43,1211.0,1211.1,1210.7,1211.0,20265
14:44,1211.0,1211.0,1208.9,1209.5,39934
14:45,1209.6,1209.9,1209.4,1209.6,2177
14:46,1209.9,1210.1,1209.6,1210.1,3881
14:47,1209.4,1209.7,1207.6,1208.0,8596
14:48,1208.1,1208.1,1207.1,1207.8,5567
14:49,1207.9,1207.9,1205.7,1205.8,10052
14:50,1205.7,1206.1,1205.0,1205.1,15011
14:51,1205.1,1206.5,1205.0,1206.3,35863
14:52,1206.2,1207.1,1206.2,1206.6,23623
14:53,1206.2,1206.6,1206.0,1206.3,6184
14:54,1206.3,1206.5,1205.5,1205.6,5257
14:55,1205.8,1206.5,1205.4,1206.0,7052
14:56,1206.2,1206.3,1205.8,1205.9,5152
14:57,1205.9,1206.1,1205.1,1205.5,17068
14:58,1205.6,1206.1,1205.2,1205.7,7315
14:59,1205.5,1206.3,1205.5,1205.7,9499
15:00,1205.7,1205.7,1202.9,1204.3,40442
15:01,1204.2,1204.2,1202.8,1203.0,17786
15:02,1203.0,1203.0,1201.3,1201.5,23475
15:03,1201.3,1201.4,1200.2,1200.2,46703
15:04,1200.3,1200.8,1200.3,1200.5,30421
15:05,1200.6,1200.6,1199.5,1199.9,85943
15:06,1200.2,1200.6,1199.7,1199.8,96914
15:07,1199.8,1199.9,1199.3,1199.6,22244
15:08,1199.5,1199.8,1198.5,1198.9,22599
15:09,1198.9,1199.0,1198.5,1198.7,21473
15:10,1198.7,1198.8,1198.1,1198.5,34485
15:11,1198.5,1198.6,1197.5,1197.7,27094
15:12,1197.7,1198.8,1197.7,1198.6,61727
15:13,1198.5,1198.6,1197.8,1198.4,37722
15:14,1198.4,1198.4,1197.7,1198.1,35183
15:15,1198.1,1198.3,1198.0,1198.1,38808
15:16,1198.2,1198.5,1198.0,1198.5,36300
15:17,1198.3,1198.5,1198.0,1198.3,43866
15:18,1198.0,1198.0,1197.3,1197.5,40990
15:19,1197.6,1197.9,1197.3,1197.6,47937
15:20,1197.5,1198.0,1197.3,1198.0,111945
15:21,1198.1,1199.6,1198.1,1198.4,32334
15:22,1198.4,1198.4,1197.8,1197.8,28432
15:23,1197.6,1198.1,1197.5,1197.9,43108
15:24,1198.2,1198.8,1198.0,1198.6,47513
15:25,1198.5,1199.7,1198.1,1199.2,41263
15:26,1199.6,1200.1,1199.0,1199.5,35487
15:27,1199.5,1200.4,1198.9,1199.9,43386
15:28,1199.7,1200.4,1198.5,1200.3,38855
15:29,1199.7,1202.0,1199.0,1201.4,19332
