Datetime,Open,High,Low,Close,Volume
2026-04-07 09:15:00,38.05,55.15,18.15,26.45,7170995
2026-04-07 09:16:00,25.55,26.95,20.2,20.75,6217900
2026-04-07 09:17:00,14.7,18.9,14.65,17.75,1723280
2026-04-07 09:18:00,24.1,28.0,22.8,23.4,4346875
2026-04-07 09:19:00,23.2,28.8,22.65,23.65,3895840
2026-04-07 09:20:00,23.25,24.15,20.95,22.3,3237520
2026-04-07 09:21:00,22.7,27.35,22.15,27.0,2917005
2026-04-07 09:22:00,27.0,35.15,26.4,33.4,7111195
2026-04-07 09:23:00,33.45,35.7,29.15,33.3,5462015
2026-04-07 09:24:00,33.15,34.3,30.25,30.3,3331640
2026-04-07 09:25:00,29.85,34.85,29.55,33.05,3419325
2026-04-07 09:26:00,33.0,53.45,33.0,52.0,9620910
2026-04-07 09:27:00,51.9,59.8,48.85,54.1,7806110
2026-04-07 09:28:00,54.35,60.4,52.35,57.6,4347720
2026-04-07 09:29:00,55.95,64.6,54.35,62.05,5655650
2026-04-07 09:30:00,62.0,67.95,59.35,64.6,6483360
2026-04-07 09:31:00,63.5,64.6,57.15,57.65,4240340
2026-04-07 09:32:00,57.7,61.55,52.45,59.65,4574440
2026-04-07 09:33:00,59.45,59.65,52.0,56.4,2983695
2026-04-07 09:34:00,54.45,56.4,44.8,45.6,5253755
2026-04-07 09:35:00,46.2,49.0,40.15,40.15,3965910
2026-04-07 09:36:00,42.2,50.85,40.15,49.4,4219020
2026-04-07 09:37:00,49.1,57.2,48.4,53.8,4966520
2026-04-07 09:38:00,53.15,53.85,43.2,43.35,3330405
2026-04-07 09:39:00,44.65,48.65,43.35,46.4,2264470
2026-04-07 09:40:00,47.35,51.9,46.4,48.05,2218060
2026-04-07 09:41:00,47.55,50.55,42.3,42.3,2529410
2026-04-07 09:42:00,43.2,43.45,37.45,39.15,4699175
2026-04-07 09:43:00,39.15,39.15,28.4,28.45,6758440
2026-04-07 09:44:00,28.5,32.25,28.1,30.45,3806920
2026-04-07 09:45:00,30.95,37.25,30.45,36.85,3815110
2026-04-07 09:46:00,37.1,42.8,36.85,38.85,4214405
2026-04-07 09:47:00,39.25,45.75,38.85,45.75,3845075
2026-04-07 09:48:00,46.9,49.1,38.5,39.85,4788030
2026-04-07 09:49:00,38.7,38.85,34.65,36.95,3181100
2026-04-07 09:50:00,35.75,39.8,33.6,39.8,2501135
2026-04-07 09:51:00,40.95,40.95,35.85,40.85,2396875
2026-04-07 09:52:00,42.6,44.0,38.3,39.0,2555995
2026-04-07 09:53:00,37.75,41.25,36.95,40.55,1723410
2026-04-07 09:54:00,42.3,44.85,40.55,41.0,2615860
2026-04-07 09:55:00,41.65,48.45,41.0,46.85,3303040
2026-04-07 09:56:00,46.95,46.95,41.4,45.8,3264885
2026-04-07 09:57:00,45.1,47.85,44.0,46.25,2375620
2026-04-07 09:58:00,45.95,52.9,43.6,51.95,4295785
2026-04-07 09:59:00,51.1,55.2,50.1,51.95,4349540
2026-04-07 10:00:00,51.5,57.2,49.1,57.2,4273555
2026-04-07 10:01:00,57.75,67.9,57.2,65.5,9505860
2026-04-07 10:02:00,64.45,65.5,55.8,56.45,5424705
2026-04-07 10:03:00,54.7,61.25,52.0,58.9,4206150
2026-04-07 10:04:00,58.9,62.35,58.75,60.9,2973685
2026-04-07 10:05:00,60.4,67.3,59.55,59.85,5202015
2026-04-07 10:06:00,59.5,60.5,54.2,58.1,4257760
2026-04-07 10:07:00,58.15,61.9,56.25,60.0,2281240
2026-04-07 10:08:00,60.05,60.05,54.55,57.3,2172495
2026-04-07 10:09:00,57.1,57.95,52.3,54.05,2404675
2026-04-07 10:10:00,54.2,56.9,50.0,56.25,3795155
2026-04-07 10:11:00,56.6,60.7,53.4,59.6,3015610
2026-04-07 10:12:00,59.15,60.2,55.85,57.55,2106650
2026-04-07 10:13:00,56.3,57.55,53.8,55.8,1690260
2026-04-07 10:14:00,56.05,63.65,53.7,62.2,3498105
2026-04-07 10:15:00,61.1,63.5,60.05,61.85,3012555
2026-04-07 10:16:00,59.45,66.4,58.8,66.4,3286270
2026-04-07 10:17:00,68.5,73.15,65.35,71.85,7382700
2026-04-07 10:18:00,71.9,72.05,61.05,61.05,4954625
2026-04-07 10:19:00,61.05,69.65,61.05,67.5,4097925
2026-04-07 10:20:00,67.95,77.95,59.5,63.0,8670870
2026-04-07 10:21:00,64.4,64.95,59.0,60.5,3643185
2026-04-07 10:22:00,59.7,60.5,55.35,59.2,3645980
2026-04-07 10:23:00,59.75,60.15,54.35,60.05,3131570
2026-04-07 10:24:00,60.95,64.6,58.7,59.95,3352895
2026-04-07 10:25:00,59.8,63.15,57.4,62.5,2178280
2026-04-07 10:26:00,62.2,65.55,59.75,61.05,2967705
2026-04-07 10:27:00,61.65,65.5,60.8,65.5,1653340
2026-04-07 10:28:00,65.35,65.85,62.8,64.5,1990430
2026-04-07 10:29:00,64.35,64.7,62.4,62.85,1455025
2026-04-07 10:30:00,62.85,63.25,57.1,58.4,2505555
2026-04-07 10:31:00,56.85,62.7,55.8,62.7,2809365
2026-04-07 10:32:00,63.15,65.15,62.25,62.35,2849600
2026-04-07 10:33:00,63.45,64.45,61.3,63.7,1449565
2026-04-07 10:34:00,63.35,63.7,48.75,48.75,5207085
2026-04-07 10:35:00,51.9,52.45,48.75,49.95,4210635
2026-04-07 10:36:00,50.0,50.4,40.0,44.35,6677840
2026-04-07 10:37:00,44.05,52.85,44.05,52.6,5375825
2026-04-07 10:38:00,51.9,55.8,51.9,54.6,4127110
2026-04-07 10:39:00,55.35,59.45,52.5,57.2,3293550
2026-04-07 10:40:00,57.35,64.5,56.45,64.5,4485065
2026-04-07 10:41:00,65.4,69.9,62.7,69.9,5313425
2026-04-07 10:42:00,69.8,73.45,66.75,72.35,5598645
2026-04-07 10:43:00,70.45,72.35,66.25,71.7,4114630
2026-04-07 10:44:00,71.6,71.7,64.85,67.7,3372460
2026-04-07 10:45:00,68.1,68.4,65.3,65.65,2075840
2026-04-07 10:46:00,65.55,66.95,60.15,64.7,4232215
2026-04-07 10:47:00,65.6,65.6,59.75,61.3,2456870
2026-04-07 10:48:00,61.55,66.05,61.3,65.15,2003170
2026-04-07 10:49:00,64.9,65.15,52.8,55.05,5554380
2026-04-07 10:50:00,54.45,55.9,49.4,55.85,4523285
2026-04-07 10:51:00,55.6,56.1,47.55,54.4,4304950
2026-04-07 10:52:00,55.25,55.3,49.35,49.35,2202330
2026-04-07 10:53:00,49.75,49.75,39.4,40.8,7167550
2026-04-07 10:54:00,40.3,41.4,36.1,41.15,5908370
2026-04-07 10:55:00,41.0,48.0,40.6,41.55,5933915
2026-04-07 10:56:00,41.4,41.85,34.5,35.0,4546230
2026-04-07 10:57:00,35.65,36.0,32.75,33.25,3608345
2026-04-07 10:58:00,33.6,33.75,29.4,29.4,4853355
2026-04-07 10:59:00,29.4,31.3,27.75,29.5,4262375
2026-04-07 11:00:00,29.3,29.5,24.75,25.25,4916210
2026-04-07 11:01:00,25.85,30.4,25.25,27.8,4277650
2026-04-07 11:02:00,28.05,30.9,27.8,28.35,3566810
2026-04-07 11:03:00,28.55,31.0,28.35,29.9,2036060
2026-04-07 11:04:00,30.85,31.85,28.85,30.15,2790580
2026-04-07 11:05:00,30.2,33.95,28.5,33.35,3570775
2026-04-07 11:06:00,31.1,33.7,30.9,31.35,3150940
2026-04-07 11:07:00,31.9,35.5,31.35,35.25,2849275
2026-04-07 11:08:00,36.45,39.4,35.25,38.0,4835675
2026-04-07 11:09:00,37.9,38.25,32.15,33.45,3793075
2026-04-07 11:10:00,34.15,36.0,31.6,31.6,2649660
2026-04-07 11:11:00,31.75,32.35,28.35,30.55,3823625
2026-04-07 11:12:00,30.65,31.4,28.15,31.35,2396160
2026-04-07 11:13:00,31.8,32.3,28.8,29.25,1772485
2026-04-07 11:14:00,31.15,31.75,29.25,30.65,1817790
2026-04-07 11:15:00,30.7,35.1,27.7,33.1,3413085
2026-04-07 11:16:00,33.3,34.65,31.85,33.6,3295175
2026-04-07 11:17:00,33.85,36.1,32.4,36.1,2721160
2026-04-07 11:18:00,36.6,39.8,34.15,35.25,5262660
2026-04-07 11:19:00,35.35,38.0,35.25,37.5,2219295
2026-04-07 11:20:00,37.3,38.9,35.15,37.75,2540785
2026-04-07 11:21:00,38.3,43.6,37.75,43.55,4060290
2026-04-07 11:22:00,43.85,50.95,42.25,49.25,8484125
2026-04-07 11:23:00,49.95,50.05,42.9,45.5,4780035
2026-04-07 11:24:00,45.85,48.3,45.15,47.2,3189095
2026-04-07 11:25:00,46.8,48.25,44.25,46.9,3091075
2026-04-07 11:26:00,47.05,52.1,46.2,50.1,4526600
2026-04-07 11:27:00,49.65,54.6,49.3,50.2,5767905
2026-04-07 11:28:00,51.25,52.3,46.3,52.0,3977935
2026-04-07 11:29:00,53.2,54.35,51.2,51.6,3271190
2026-04-07 11:30:00,51.75,54.6,48.8,52.35,4094350
2026-04-07 11:31:00,52.6,53.15,48.35,52.5,2882880
2026-04-07 11:32:00,52.9,53.05,49.85,52.75,2021045
2026-04-07 11:33:00,52.2,52.75,48.7,50.7,1873820
2026-04-07 11:34:00,51.2,53.55,47.9,52.65,2527525
2026-04-07 11:35:00,52.2,52.65,48.05,50.8,2817555
2026-04-07 11:36:00,50.7,51.3,44.9,45.15,3393910
2026-04-07 11:37:00,45.9,49.05,45.0,46.9,2262715
2026-04-07 11:38:00,46.1,57.15,45.55,57.15,4579445
2026-04-07 11:39:00,58.45,60.65,54.0,54.2,7319520
2026-04-07 11:40:00,54.0,54.25,42.45,43.0,5892900
2026-04-07 11:41:00,43.65,45.35,39.5,45.35,5656885
2026-04-07 11:42:00,44.8,47.1,41.0,46.7,3291795
2026-04-07 11:43:00,46.6,48.15,42.4,42.85,2599155
2026-04-07 11:44:00,43.15,43.15,41.25,42.5,1616160
2026-04-07 11:45:00,42.45,44.65,38.9,44.6,3430700
2026-04-07 11:46:00,44.7,45.7,37.0,37.0,3912350
2026-04-07 11:47:00,37.05,39.9,36.95,38.15,2512120
2026-04-07 11:48:00,38.3,41.15,35.7,41.15,3198455
2026-04-07 11:49:00,41.9,42.35,38.25,39.0,2903745
2026-04-07 11:50:00,38.3,40.3,38.2,39.0,1723345
2026-04-07 11:51:00,38.6,44.75,38.6,42.9,2532530
2026-04-07 11:52:00,43.75,44.35,41.2,42.8,2072135
2026-04-07 11:53:00,42.45,44.7,42.45,44.5,1568515
2026-04-07 11:54:00,45.15,50.75,43.6,50.5,3717545
2026-04-07 11:55:00,50.95,57.55,50.0,57.55,6800560
2026-04-07 11:56:00,57.45,73.15,57.1,70.4,11552320
2026-04-07 11:57:00,72.6,79.7,69.1,76.55,10592855
2026-04-07 11:58:00,75.25,76.55,65.0,70.95,7664345
2026-04-07 11:59:00,72.8,74.25,68.5,71.45,5163665
2026-04-07 12:00:00,71.7,72.0,60.7,66.9,5795010
2026-04-07 12:01:00,66.8,67.95,59.6,59.6,4812470
2026-04-07 12:02:00,58.35,59.6,53.9,55.9,6360965
2026-04-07 12:03:00,55.45,55.9,46.0,46.3,6540495
2026-04-07 12:04:00,46.55,51.95,46.15,48.0,4363775
2026-04-07 12:05:00,47.95,48.15,41.7,46.35,5572515
2026-04-07 12:06:00,46.9,50.0,44.6,49.25,3488225
2026-04-07 12:07:00,49.6,51.15,47.0,47.85,3181555
2026-04-07 12:08:00,48.0,51.9,45.75,48.3,2799290
2026-04-07 12:09:00,48.4,52.85,47.15,51.75,2798185
2026-04-07 12:10:00,51.55,51.75,46.8,47.1,3096795
2026-04-07 12:11:00,47.25,47.75,38.2,38.2,6772025
2026-04-07 12:12:00,39.15,43.65,34.55,41.5,6879015
2026-04-07 12:13:00,41.65,48.45,41.5,44.75,5218265
2026-04-07 12:14:00,44.6,47.4,43.2,46.15,2835885
2026-04-07 12:15:00,44.25,48.5,42.4,43.0,3463850
2026-04-07 12:16:00,42.45,44.15,39.5,42.95,3186690
2026-04-07 12:17:00,43.5,46.5,42.7,43.45,2543190
2026-04-07 12:18:00,43.55,45.8,37.55,37.55,2994680
2026-04-07 12:19:00,37.45,41.2,36.35,39.55,2966470
2026-04-07 12:20:00,39.7,40.55,37.3,39.7,2188875
2026-04-07 12:21:00,39.7,40.0,32.95,33.55,4103710
2026-04-07 12:22:00,34.0,35.45,33.5,34.9,2872220
2026-04-07 12:23:00,35.5,35.55,31.65,32.65,3228680
2026-04-07 12:24:00,32.95,34.3,32.65,34.15,2258360
2026-04-07 12:25:00,34.35,37.85,33.85,36.55,2809560
2026-04-07 12:26:00,35.45,36.55,33.25,35.15,2058745
2026-04-07 12:27:00,35.6,35.6,33.0,34.15,1607320
2026-04-07 12:28:00,33.8,40.4,33.3,36.95,4055025
2026-04-07 12:29:00,37.1,40.15,36.95,39.95,2242435
2026-04-07 12:30:00,40.2,43.25,39.35,41.75,3795675
2026-04-07 12:31:00,41.45,46.4,39.8,44.5,4349345
2026-04-07 12:32:00,44.25,48.35,41.85,41.85,4973410
2026-04-07 12:33:00,41.8,42.3,36.05,38.95,4467060
2026-04-07 12:34:00,39.0,42.4,38.35,40.45,2803385
2026-04-07 12:35:00,40.4,44.4,39.7,43.25,2728895
2026-04-07 12:36:00,43.6,43.8,38.15,40.4,2778880
2026-04-07 12:37:00,40.95,44.9,39.3,44.45,2398630
2026-04-07 12:38:00,43.8,44.85,39.85,42.35,2728245
2026-04-07 12:39:00,42.5,45.35,40.9,45.25,2254850
2026-04-07 12:40:00,45.25,46.55,42.4,44.75,3437785
2026-04-07 12:41:00,45.5,47.05,42.25,42.25,3158870
2026-04-07 12:42:00,42.75,43.7,38.3,38.8,3478605
2026-04-07 12:43:00,39.4,44.85,38.4,44.85,2785770
2026-04-07 12:44:00,45.1,45.35,42.7,43.9,3004885
2026-04-07 12:45:00,43.8,44.0,40.65,41.4,1754870
2026-04-07 12:46:00,41.55,43.65,38.7,39.9,2290730
2026-04-07 12:47:00,40.1,41.7,36.65,41.3,3384615
2026-04-07 12:48:00,41.75,44.05,40.6,43.35,2545790
2026-04-07 12:49:00,43.65,43.75,40.5,40.8,2052960
2026-04-07 12:50:00,40.85,43.9,40.45,42.25,2149225
2026-04-07 12:51:00,42.65,43.9,36.7,37.7,3703245
2026-04-07 12:52:00,37.25,37.7,32.9,35.2,5432895
2026-04-07 12:53:00,35.7,38.25,35.65,37.65,2762370
2026-04-07 12:54:00,38.0,38.7,34.1,37.75,2505750
2026-04-07 12:55:00,38.45,40.5,37.6,38.85,2914210
2026-04-07 12:56:00,39.1,39.1,31.8,32.95,3830775
2026-04-07 12:57:00,32.75,35.65,31.6,32.5,3260530
2026-04-07 12:58:00,33.55,33.95,27.55,29.95,6142175
2026-04-07 12:59:00,29.6,29.95,26.05,27.25,4085965
2026-04-07 13:00:00,27.35,29.2,26.85,28.2,3124615
2026-04-07 13:01:00,28.5,28.85,26.65,26.75,2473445
2026-04-07 13:02:00,26.7,32.25,24.0,32.1,6267950
2026-04-07 13:03:00,32.25,35.9,32.1,33.05,6511245
2026-04-07 13:04:00,33.3,34.9,31.55,32.4,3491735
2026-04-07 13:05:00,32.75,33.15,27.5,29.25,4280900
2026-04-07 13:06:00,29.4,29.9,27.0,28.7,3248765
2026-04-07 13:07:00,28.8,29.6,26.75,28.4,2083640
2026-04-07 13:08:00,28.4,28.4,25.05,27.1,3499795
2026-04-07 13:09:00,27.5,28.0,26.75,27.7,1730105
2026-04-07 13:10:00,27.25,30.2,25.8,30.2,2550080
2026-04-07 13:11:00,30.25,30.5,26.65,27.65,3547375
2026-04-07 13:12:00,27.3,28.5,26.4,28.5,1953575
2026-04-07 13:13:00,27.95,37.8,27.8,36.45,7585175
2026-04-07 13:14:00,36.35,40.05,32.2,33.2,8573890
2026-04-07 13:15:00,33.8,36.7,33.15,35.65,3966885
2026-04-07 13:16:00,36.7,40.4,35.9,40.2,5676710
2026-04-07 13:17:00,41.0,42.65,38.85,41.35,6730685
2026-04-07 13:18:00,41.4,46.7,40.0,44.85,7613710
2026-04-07 13:19:00,44.7,47.95,43.05,46.85,6954415
2026-04-07 13:20:00,44.9,46.85,36.95,40.25,8888165
2026-04-07 13:21:00,41.0,43.35,39.55,43.05,4533360
2026-04-07 13:22:00,43.15,45.0,41.55,43.2,4201015
2026-04-07 13:23:00,43.55,44.15,33.7,36.35,7469410
2026-04-07 13:24:00,37.6,38.5,34.05,37.2,3784690
2026-04-07 13:25:00,37.2,37.95,33.75,35.9,3514160
2026-04-07 13:26:00,35.45,35.9,27.9,30.5,7775625
2026-04-07 13:27:00,31.25,34.6,30.5,32.65,4406025
2026-04-07 13:28:00,33.35,36.2,32.6,36.2,3417115
2026-04-07 13:29:00,36.75,41.35,36.1,40.95,6607835
2026-04-07 13:30:00,41.8,54.25,40.95,52.9,13493805
2026-04-07 13:31:00,52.45,62.15,49.85,53.55,15037815
2026-04-07 13:32:00,54.15,77.3,53.55,74.3,19752655
2026-04-07 13:33:00,75.7,90.7,67.95,76.75,17465045
2026-04-07 13:34:00,76.65,76.75,61.8,68.2,8777600
2026-04-07 13:35:00,68.05,73.9,66.9,70.25,6530160
2026-04-07 13:36:00,70.25,80.0,60.65,77.25,9261720
2026-04-07 13:37:00,78.35,81.1,69.35,72.75,6755450
2026-04-07 13:38:00,70.95,77.65,70.0,73.45,4045405
2026-04-07 13:39:00,73.45,78.5,72.45,78.5,3804515
2026-04-07 13:40:00,76.25,78.5,68.35,69.65,4504045
2026-04-07 13:41:00,70.05,78.8,69.65,75.55,4966195
2026-04-07 13:42:00,74.95,93.95,74.7,91.3,11505585
2026-04-07 13:43:00,92.85,99.0,84.45,93.3,8490885
2026-04-07 13:44:00,92.95,95.8,88.0,94.5,4008680
2026-04-07 13:45:00,93.45,94.5,86.65,92.6,3644875
2026-04-07 13:46:00,92.35,100.1,88.45,98.8,4330365
2026-04-07 13:47:00,97.05,98.8,78.3,79.25,5304065
2026-04-07 13:48:00,79.9,85.3,70.1,80.85,8081385
2026-04-07 13:49:00,81.0,81.5,66.65,68.75,5186740
2026-04-07 13:50:00,66.9,68.75,51.55,55.55,9671350
2026-04-07 13:51:00,59.25,71.65,55.55,68.25,9816820
2026-04-07 13:52:00,67.05,83.95,66.85,83.95,6354725
2026-04-07 13:53:00,83.35,83.95,70.65,74.75,5397470
2026-04-07 13:54:00,74.2,84.8,71.25,72.05,4983745
2026-04-07 13:55:00,72.0,76.2,67.75,67.75,3570450
2026-04-07 13:56:00,70.45,70.6,58.5,60.5,5681195
2026-04-07 13:57:00,61.15,61.5,40.6,43.25,12670060
2026-04-07 13:58:00,43.45,48.2,37.3,40.55,9585810
2026-04-07 13:59:00,42.6,47.0,37.0,43.3,8778120
2026-04-07 14:00:00,43.55,52.55,38.05,40.25,11301680
2026-04-07 14:01:00,40.65,51.2,40.25,47.75,7490665
2026-04-07 14:02:00,49.1,62.05,47.15,55.7,12033255
2026-04-07 14:03:00,54.35,61.85,50.35,55.85,6902220
2026-04-07 14:04:00,56.0,59.8,52.3,57.2,4736940
2026-04-07 14:05:00,57.6,63.8,54.5,57.5,6832215
2026-04-07 14:06:00,58.05,63.3,51.65,51.65,5710900
2026-04-07 14:07:00,53.1,54.7,42.9,44.2,7873970
2026-04-07 14:08:00,45.35,54.9,44.2,52.3,6223035
2026-04-07 14:09:00,52.0,55.6,48.6,54.45,4438005
2026-04-07 14:10:00,55.85,55.85,48.2,49.3,4542785
2026-04-07 14:11:00,49.75,53.5,46.35,51.1,4685395
2026-04-07 14:12:00,52.25,53.1,49.1,49.95,3179540
2026-04-07 14:13:00,49.9,50.9,37.45,45.35,9973730
2026-04-07 14:14:00,44.8,52.75,42.4,52.75,6066645
2026-04-07 14:15:00,50.95,59.1,50.9,53.8,8741720
2026-04-07 14:16:00,50.75,57.25,46.2,46.2,6582875
2026-04-07 14:17:00,45.35,49.05,40.6,47.85,7725640
2026-04-07 14:18:00,47.9,49.45,40.15,42.9,5215860
2026-04-07 14:19:00,42.7,45.95,39.5,39.65,6449755
2026-04-07 14:20:00,40.75,44.6,34.25,36.6,8662030
2026-04-07 14:21:00,37.5,42.5,36.6,39.75,6507215
2026-04-07 14:22:00,40.7,46.75,39.75,46.7,6601920
2026-04-07 14:23:00,47.65,47.75,29.2,29.2,9528090
2026-04-07 14:24:00,31.2,40.15,29.2,38.9,11495640
2026-04-07 14:25:00,39.25,44.4,36.3,39.3,8236540
2026-04-07 14:26:00,40.7,47.6,39.3,45.45,6431230
2026-04-07 14:27:00,46.8,57.6,45.15,56.05,10893480
2026-04-07 14:28:00,56.1,57.4,50.3,53.95,6854380
2026-04-07 14:29:00,52.65,54.95,44.4,47.5,6464315
2026-04-07 14:30:00,47.55,52.85,44.45,51.65,6070545
2026-04-07 14:31:00,52.0,73.75,46.8,71.75,15166320
2026-04-07 14:32:00,75.55,75.55,62.25,69.8,8516820
2026-04-07 14:33:00,71.1,74.15,65.65,68.65,5900245
2026-04-07 14:34:00,69.15,70.65,53.65,60.9,7578155
2026-04-07 14:35:00,59.8,60.9,42.6,42.6,9345570
2026-04-07 14:36:00,43.8,45.9,33.7,37.25,13278720
2026-04-07 14:37:00,37.5,39.9,30.6,31.9,11687780
2026-04-07 14:38:00,32.3,43.2,31.9,34.95,10224955
2026-04-07 14:39:00,35.0,41.35,31.95,32.7,7403110
2026-04-07 14:40:00,34.9,42.05,32.7,39.45,7252895
2026-04-07 14:41:00,39.85,40.2,32.05,37.35,7884760
2026-04-07 14:42:00,37.65,41.95,37.15,38.8,6108050
2026-04-07 14:43:00,39.35,43.0,37.85,39.3,7237880
2026-04-07 14:44:00,40.1,53.25,39.3,47.35,11508510
2026-04-07 14:45:00,47.55,51.5,39.0,49.3,8966945
2026-04-07 14:46:00,50.05,54.85,43.5,46.3,9133280
2026-04-07 14:47:00,47.55,56.7,43.6,55.4,7747480
2026-04-07 14:48:00,56.4,74.05,53.5,60.6,16601520
2026-04-07 14:49:00,61.2,65.3,59.75,62.1,5517395
2026-04-07 14:50:00,63.3,72.45,60.85,71.85,6804070
2026-04-07 14:51:00,74.2,83.55,63.9,68.8,10488660
2026-04-07 14:52:00,69.45,72.75,60.85,71.4,5561335
2026-04-07 14:53:00,71.4,77.1,70.75,71.85,5267990
2026-04-07 14:54:00,70.75,78.85,68.85,77.45,5571215
2026-04-07 14:55:00,79.45,99.25,77.45,99.0,12599990
2026-04-07 14:56:00,100.6,107.35,99.0,100.55,7100080
2026-04-07 14:57:00,100.0,109.7,95.95,95.95,5362500
2026-04-07 14:58:00,99.85,101.65,89.45,92.9,4129125
2026-04-07 14:59:00,97.35,106.7,92.9,101.4,3737565
2026-04-07 15:00:00,102.25,118.9,79.45,117.0,10059985
2026-04-07 15:01:00,117.3,120.0,107.4,114.85,4115020
2026-04-07 15:02:00,115.95,124.5,114.85,118.25,4129320
2026-04-07 15:03:00,117.85,118.45,109.1,115.1,3006835
2026-04-07 15:04:00,116.4,124.25,114.4,119.85,2691585
2026-04-07 15:05:00,120.65,123.15,114.9,118.6,2399865
2026-04-07 15:06:00,120.3,125.85,118.6,125.0,2161705
2026-04-07 15:07:00,124.95,131.9,123.75,127.7,2452385
2026-04-07 15:08:00,128.75,128.75,119.75,122.85,1604135
2026-04-07 15:09:00,175.4,176.0,171.05,171.8,219570
2026-04-07 15:10:00,122.5,123.0,114.65,119.35,1927770
2026-04-07 15:11:00,121.95,123.8,119.1,119.95,915460
2026-04-07 15:12:00,121.45,121.45,116.1,118.25,803595
2026-04-07 15:13:00,119.15,119.15,106.1,106.5,1868945
2026-04-07 15:14:00,107.55,115.85,106.5,113.5,1333540
2026-04-07 15:15:00,114.4,117.55,113.2,115.25,1212055
2026-04-07 15:16:00,116.8,120.6,115.25,117.5,1157065
2026-04-07 15:17:00,118.95,121.0,116.7,121.0,772785
2026-04-07 15:18:00,121.25,124.65,120.35,120.7,1145040
2026-04-07 15:19:00,121.25,123.25,120.45,121.1,684320
2026-04-07 15:20:00,122.0,123.6,121.1,122.75,555035
2026-04-07 15:21:00,123.7,123.8,119.95,121.35,604435
2026-04-07 15:22:00,122.0,122.15,120.1,121.5,427895
2026-04-07 15:23:00,122.0,122.5,120.65,121.65,337155
2026-04-07 15:24:00,122.4,122.8,121.6,122.7,425685
2026-04-07 15:25:00,122.75,123.0,122.1,123.0,565175
2026-04-07 15:26:00,122.85,124.0,122.7,123.55,559650
2026-04-07 15:27:00,124.0,124.35,123.4,124.35,264680
2026-04-07 15:28:00,124.35,124.35,123.3,123.3,484640
2026-04-07 15:29:00,123.75,123.8,123.15,123.4,415805
