Date,Time,Name,Buy/Sell,Order,Exchange,Segment,Quantity/Lot,Trade Price,Trade Value,Status
2026-02-24,11:57:02,NIFTY 24 FEB 25500 CALL,SELL,INTRADAY,NSE,Derivative,65,37.80,2457.00,Traded
2026-02-24,11:12:02,NIFTY 24 FEB 25500 CALL,BUY,INTRADAY,NSE,Derivative,65,59.65,3877.25,Traded
2026-02-24,10:48:03,NIFTY 24 FEB 25500 CALL,SELL,INTRADAY,NSE,Derivative,65,46.65,3032.25,Traded
2026-02-24,10:33:03,NIFTY 24 FEB 25500 CALL,BUY,INTRADAY,NSE,Derivative,65,57.80,3757.00,Traded
2026-02-23,10:15:22,NIFTY 24 FEB 25750 PUT,SELL,INTRADAY,NSE,Derivative,65,106.90,6948.50,Traded
2026-02-23,10:15:03,NIFTY 24 FEB 25750 PUT,BUY,INTRADAY,NSE,Derivative,65,110.90,7208.50,Traded
2026-02-19,10:31:33,NIFTY 24 FEB 25750 PUT,SELL,INTRADAY,NSE,Derivative,65,122.30,7949.50,Traded
2026-02-19,10:15:04,NIFTY 24 FEB 25750 PUT,BUY,INTRADAY,NSE,Derivative,65,117.20,7618.00,Traded
2026-02-18,09:45:35,NIFTY 24 FEB 25700 CALL,SELL,INTRADAY,NSE,Derivative,65,161.05,10468.25,Traded
2026-02-18,09:30:10,NIFTY 24 FEB 25700 CALL,BUY,INTRADAY,NSE,Derivative,65,159.85,10390.25,Traded
2026-02-13,10:47:42,NIFTY 17 FEB 25550 CALL,SELL,INTRADAY,NSE,Derivative,65,122.10,7936.50,Traded
2026-02-13,10:36:59,NIFTY 17 FEB 25550 CALL,BUY,INTRADAY,NSE,Derivative,65,126.00,8190.00,Traded
2026-02-13,09:55:46,NIFTY 17 FEB 25550 CALL,SELL,INTRADAY,NSE,Derivative,65,121.55,7900.75,Traded
2026-02-13,09:53:45,NIFTY 17 FEB 25550 CALL,BUY,INTRADAY,NSE,Derivative,65,129.25,8401.25,Traded
2026-02-12,14:28:21,NIFTY 17 FEB 25800 CALL,SELL,INTRADAY,NSE,Derivative,130,132.75,17257.50,Traded
2026-02-12,14:24:03,NIFTY 17 FEB 25800 CALL,BUY,INTRADAY,NSE,Derivative,130,139.85,18180.50,Traded
2026-02-12,13:09:14,NIFTY 17 FEB 25900 PUT,SELL,INTRADAY,NSE,Derivative,130,125.50,16315.00,Traded
2026-02-12,13:09:04,NIFTY 17 FEB 25900 PUT,BUY,INTRADAY,NSE,Derivative,130,125.25,16282.50,Traded
2026-02-12,12:56:12,NIFTY 17 FEB 25900 PUT,SELL,INTRADAY,NSE,Derivative,195,117.65,22941.75,Traded
2026-02-12,12:56:02,NIFTY 17 FEB 25900 PUT,BUY,INTRADAY,NSE,Derivative,195,118.05,23019.75,Traded
2026-02-12,12:18:43,NIFTY 17 FEB 25850 PUT,SELL,MARGIN,NSE,Derivative,130,103.35,13435.50,Traded
2026-02-12,11:54:26,NIFTY 17 FEB 25850 PUT,BUY,MARGIN,NSE,Derivative,130,113.05,14696.50,Traded
2026-02-11,12:43:21,NIFTY 17 FEB 26000 PUT,SELL,INTRADAY,NSE,Derivative,65,151.90,9873.50,Traded
2026-02-11,12:41:07,NIFTY 17 FEB 26000 PUT,SELL,INTRADAY,NSE,Derivative,130,143.35,18635.50,Traded
2026-02-11,12:24:33,NIFTY 17 FEB 26000 PUT,BUY,INTRADAY,NSE,Derivative,195,135.35,26393.25,Traded
2026-02-10,13:24:02,NIFTY 17 FEB 25950 PUT,SELL,INTRADAY,NSE,Derivative,65,136.80,8892.00,Traded
2026-02-10,13:23:26,NIFTY 17 FEB 25950 PUT,SELL,INTRADAY,NSE,Derivative,130,138.00,17940.00,Traded
2026-02-10,13:21:03,NIFTY 17 FEB 25950 PUT,BUY,INTRADAY,NSE,Derivative,195,130.00,25350.00,Traded
2026-02-10,12:45:19,NIFTY 17 FEB 25950 PUT,SELL,INTRADAY,NSE,Derivative,195,126.55,24677.25,Traded
2026-02-10,12:24:03,NIFTY 17 FEB 25950 PUT,BUY,INTRADAY,NSE,Derivative,195,130.25,25398.75,Traded
2026-02-10,11:55:18,NIFTY 10 FEB 25950 PUT,SELL,INTRADAY,NSE,Derivative,65,29.90,1943.50,Traded
2026-02-10,11:55:04,NIFTY 10 FEB 25950 PUT,BUY,INTRADAY,NSE,Derivative,65,29.85,1940.25,Traded
2026-02-10,11:54:21,NIFTY 17 FEB 25950 PUT,SELL,INTRADAY,NSE,Derivative,65,132.75,8628.75,Traded
2026-02-10,11:25:15,NIFTY 17 FEB 25950 PUT,BUY,INTRADAY,NSE,Derivative,65,137.25,8921.25,Traded
2026-02-10,10:21:30,NIFTY 17 FEB 25900 CALL,SELL,INTRADAY,NSE,Derivative,65,198.15,12879.75,Traded
2026-02-10,10:21:27,NIFTY 17 FEB 25950 CALL,BUY,INTRADAY,NSE,Derivative,65,168.70,10965.50,Traded
2026-02-10,10:21:03,NIFTY 17 FEB 25950 CALL,SELL,INTRADAY,NSE,Derivative,65,168.20,10933.00,Traded
2026-02-10,10:03:51,NIFTY 17 FEB 25900 CALL,BUY,INTRADAY,NSE,Derivative,65,196.80,12792.00,Traded
2026-02-10,10:03:03,NIFTY 10 FEB 25950 CALL,SELL,INTRADAY,NSE,Derivative,195,44.20,8619.00,Traded
2026-02-10,10:00:06,NIFTY 10 FEB 25950 CALL,BUY,INTRADAY,NSE,Derivative,195,44.30,8638.50,Traded
2026-02-10,09:48:15,NIFTY 10 FEB 25950 PUT,SELL,INTRADAY,NSE,Derivative,65,44.40,2886.00,Traded
2026-02-10,09:48:03,NIFTY 10 FEB 25950 PUT,BUY,INTRADAY,NSE,Derivative,65,44.40,2886.00,Traded
2026-02-09,15:17:14,NIFTY 10 FEB 25850 CALL,SELL,INTRADAY,NSE,Derivative,195,77.40,15093.00,Traded
2026-02-09,15:17:02,NIFTY 10 FEB 25850 CALL,BUY,INTRADAY,NSE,Derivative,195,76.80,14976.00,Traded
2026-02-09,14:48:41,NIFTY 17 FEB 25850 PUT,SELL,INTRADAY,NSE,Derivative,65,140.65,9142.25,Traded
2026-02-09,14:48:15,NIFTY 17 FEB 25850 PUT,SELL,INTRADAY,NSE,Derivative,65,142.05,9233.25,Traded
2026-02-09,13:32:22,NIFTY 17 FEB 25850 PUT,BUY,INTRADAY,NSE,Derivative,130,152.25,19792.50,Traded
2026-02-09,13:08:16,NIFTY 17 FEB 25850 PUT,SELL,INTRADAY,NSE,Derivative,130,145.53,18918.25,Traded
2026-02-09,13:03:03,NIFTY 17 FEB 25850 PUT,SELL,INTRADAY,NSE,Derivative,65,145.40,9451.00,Traded
2026-02-09,12:48:12,NIFTY 17 FEB 25800 PUT,SELL,INTRADAY,NSE,Derivative,65,131.05,8518.25,Traded
2026-02-09,12:48:03,NIFTY 17 FEB 25850 PUT,BUY,INTRADAY,NSE,Derivative,195,152.55,29747.25,Traded
2026-02-09,12:45:38,NIFTY 17 FEB 25800 PUT,BUY,INTRADAY,NSE,Derivative,65,130.90,8508.50,Traded
2026-02-09,12:15:22,NIFTY 17 FEB 25800 PUT,SELL,INTRADAY,NSE,Derivative,65,121.60,7904.00,Traded
2026-02-09,11:51:02,NIFTY 17 FEB 25800 PUT,BUY,INTRADAY,NSE,Derivative,65,128.00,8320.00,Traded
2026-02-06,14:06:49,NIFTY 10 FEB 25600 CALL,SELL,INTRADAY,NSE,Derivative,65,118.65,7712.25,Traded
2026-02-06,14:06:43,NIFTY 10 FEB 25600 CALL,SELL,INTRADAY,NSE,Derivative,65,118.50,7702.50,Traded
2026-02-06,13:57:02,NIFTY 10 FEB 25600 CALL,BUY,INTRADAY,NSE,Derivative,130,122.95,15983.50,Traded
2026-02-06,11:00:05,NIFTY 10 FEB 25500 PUT,SELL,INTRADAY,NSE,Derivative,65,96.75,6288.75,Traded
2026-02-06,10:58:08,NIFTY 10 FEB 25500 PUT,SELL,INTRADAY,NSE,Derivative,65,99.65,6477.25,Traded
2026-02-06,10:45:07,NIFTY 10 FEB 25500 PUT,BUY,INTRADAY,NSE,Derivative,130,108.80,14144.00,Traded
2026-02-05,15:06:29,NIFTY 10 FEB 25650 CALL,SELL,INTRADAY,NSE,Derivative,130,145.30,18889.00,Traded
2026-02-05,14:59:03,NIFTY 10 FEB 25650 CALL,BUY,INTRADAY,NSE,Derivative,130,142.45,18518.50,Traded
2026-02-05,11:06:18,NIFTY 10 FEB 25650 PUT,SELL,INTRADAY,NSE,Derivative,130,134.45,17478.50,Traded
2026-02-05,10:57:41,NIFTY 10 FEB 25650 PUT,BUY,INTRADAY,NSE,Derivative,130,143.85,18700.50,Traded
2026-02-05,10:27:30,NIFTY 10 FEB 25700 CALL,SELL,INTRADAY,NSE,Derivative,65,148.00,9620.00,Traded
2026-02-05,10:24:02,NIFTY 10 FEB 25700 CALL,BUY,INTRADAY,NSE,Derivative,65,148.70,9665.50,Traded
2026-02-04,13:09:07,NIFTY 10 FEB 25650 PUT,SELL,INTRADAY,NSE,Derivative,65,108.00,7020.00,Traded
2026-02-04,12:48:02,NIFTY 10 FEB 25650 PUT,BUY,INTRADAY,NSE,Derivative,65,112.85,7335.25,Traded
2026-02-04,10:48:33,NIFTY 10 FEB 25700 PUT,SELL,INTRADAY,NSE,Derivative,65,140.00,9100.00,Traded
2026-02-04,10:37:11,NIFTY 10 FEB 25700 PUT,SELL,INTRADAY,NSE,Derivative,65,152.10,9886.50,Traded
2026-02-04,10:15:04,NIFTY 10 FEB 25700 PUT,BUY,INTRADAY,NSE,Derivative,130,131.15,17049.50,Traded
2026-02-03,11:38:18,NIFTY 10 FEB 25800 CALL,SELL,INTRADAY,NSE,Derivative,65,242.15,15739.75,Traded
2026-02-03,11:33:40,NIFTY 10 FEB 25800 CALL,SELL,INTRADAY,NSE,Derivative,65,251.85,16370.25,Traded
2026-02-03,11:27:02,NIFTY 10 FEB 25800 CALL,BUY,INTRADAY,NSE,Derivative,130,228.20,29666.00,Traded
2026-02-03,11:13:16,NIFTY 10 FEB 25800 PUT,SELL,MARGIN,NSE,Derivative,65,220.95,14361.75,Traded
2026-02-03,11:10:11,NIFTY 10 FEB 25800 PUT,BUY,MARGIN,NSE,Derivative,65,225.00,14625.00,Traded
2026-02-03,10:54:07,NIFTY 10 FEB 25800 PUT,SELL,MARGIN,NSE,Derivative,65,236.10,15346.50,Traded
2026-02-03,10:50:26,NIFTY 10 FEB 25800 PUT,BUY,MARGIN,NSE,Derivative,65,237.20,15418.00,Traded
2026-02-02,14:47:24,NIFTY 03 FEB 24850 PUT,SELL,INTRADAY,NSE,Derivative,65,59.55,3870.75,Traded
2026-02-02,14:21:04,NIFTY 03 FEB 24850 PUT,SELL,INTRADAY,NSE,Derivative,65,66.40,4316.00,Traded
2026-02-02,14:00:08,NIFTY 03 FEB 24850 PUT,BUY,INTRADAY,NSE,Derivative,130,68.20,8866.00,Traded